:020000040800F2
:10000000E8070020F101000853400008A33600086B
:100010005140000819030008094D000800000000C5
:100020000000000000000000000000007B4200080B
:100030008D03000800000000554000087D420008C4
:100040000B0200080B0200080B0200080B0200085C
:100050000B0200080B0200080B0200080B0200084C
:100060000B0200080B0200080B0200081D03000829
:100070000B0200080B0200080B0200080B0200082C
:100080000B0200080B020008FD0200080B0200082A
:100090000B0200080B0200080B0200080B0200080C
:1000A0000B020008F94200080B0200080B020008CE
:1000B0000B0200080B0200080B0200080B020008EC
:1000C0000B0200080B0200080B0200080B020008DC
:1000D0000B0200080B0200080B020008FD4C000890
:1000E0000B0200080B0200080B0200080B020008BC
:1000F0000B0200080B0200080B0200080B020008AC
:100100000B0200080B0200080B0200080B0200089B
:100110000B0200080B020008054300081143000809
:100120000B0200080B0200080B0200080B0200087B
:100130000B0200080B0200080B0200080B0200086B
:100140000B0200080B0200080B0200080B0200085B
:100150000B0200080B0200080B0200080B0200084B
:100160000B0200080B0200080B0200080B0200083B
:100170000B0200080B0200080B0200080B0200082B
:100180000B0200080B0200080B0200080B0200081B
:100190000B020008000000000B0200080B02000820
:1001A0000B0200080B0200080B0200080B020008FB
:1001B0000B0200080B0200080B0200080B020008EB
:1001C0000B0200080B0200080B0200080B020008DB
:1001D0000B0200080B020008DFF810D000F07CF8DA
:1001E00000480047494D0008AFF30080E8070020B1
:1001F0000648804706480047FEE7FEE7FEE7FEE7C1
:10020000FEE7FEE7FEE7FEE7FEE7FEE7E94200085D
:10021000D90100082DE9F05F0546002092469B4673
:1002200088460646814640241BE02846414647460C
:10023000224600F041F853465A46C01A914110D365
:1002400011461846224600F028F82D1A67EB0108DF
:100250004F4622460120002100F01FF817EB00094D
:100260004E41201EA4F10104DFDC484631462A46F7
:100270004346BDE8F09FD2B201E000F8012B491ED1
:10028000FBD270470022F6E710B513460A46044633
:100290001946FFF7F0FF204610BD202A04DB203A64
:1002A00000FA02F1002070479140C2F1200320FAC9
:1002B00003F3194390407047202A04DB203A21FAC7
:1002C00002F00021704721FA02F3D040C2F120026F
:1002D0009140084319467047064C074D06E0E06818
:1002E00040F0010394E8070098471034AC42F6D37D
:1002F000FFF776FFF09800081099000810B5044841
:1003000000F0E4FDBDE81040024800F0DFBD000051
:100310006C000020D8000020FEE70000014801F03A
:1003200032B900000C0200200D4902688A4201D255
:100330000C4901E00B492031D2B21423083AB2FB38
:10034000F3F2436C02F01F0223F0030319448164AB
:1003500004498031C164012191400165704700006A
:1003600008040240000802400179074A02EB8102BA
:100370004265054A4432491E826501F01F0201218F
:100380009140C16570470000FC080240704772B69A
:10039000FEE770472DE9F84F4FF000090446CDF80D
:1003A00000900D4694F85820DFF8EC8361694F46C1
:1003B0004846012A0AD00126F84A84F8586041B11B
:1003C000296A012905D0A36EEBB129E00220BDE81E
:1003D000F88F6868092838D1A96A4FF4785041B17C
:1003E0002B6801F07C0100EA53400843E96A0843A6
:1003F00002E0296800EA51402368D96C11400143AA
:10040000D964606621E0C4E91971A96A286A31B12A
:1004100001F07C01401E0843E96A084300E0401EE9
:1004200029682B79C1F3846103F01F0399400143CC
:10043000A06E401EA066636E43EA0103636604D1AA
:100440002168C86C10401843C864206803F00EFB94
:1004500058B995F8250098B12068C16895F826200C
:1004600021F4401141EA4251C160206803F006FBCB
:100470008246206803F0FAFA5AEA00000DD0FCE048
:1004800095F8260095F82410400540EA01512068AF
:10049000C26822F440121143E6E7A86A30B1E86A64
:1004A00020B195F8250001285ED003E095F82500DD
:1004B000012804D02068C16821F0007103E02068A1
:1004C000C16841F00071C16095F83000012852D038
:1004D0002068016921F002010161AA682968206889
:1004E000B2F1004F38D003F0E4FA2068416921F0FE
:1004F0000041416120686969C268C2F3C1025200CB
:1005000091402A69042A45D000EB82002B68026ED4
:10051000DFF88CC203F0F84302EA0C020B431A43E3
:1005200042F00041016620682A69A96900EB820057
:10053000026E22F080720A430266297F22682869CF
:10054000012924D05FF0000102EB8000026E22F04E
:1005500000720A43026690E0002203F0AAFA2068C3
:10056000416941F00041C4E7E06D40F02000E065E2
:100570004FF00109A8E7D5E90D01084321680A6990
:1005800022F4FF7242F0020210430861A5E74FF027
:100590000071D9E7002103F05FFA400320684FF0B3
:1005A000000172D003F058FA90FAA0F0B0FA80F18E
:1005B000286842036ED090FAA0F0B0FA80F0814231
:1005C00004D100221146206803F08AFA0121206834
:1005D00003F042FA400320684FF001015DD003F0C0
:1005E0003BFA90FAA0F0B0FA80F12868420359D0A3
:1005F00090FAA0F0B0FA80F0814204D100220121EB
:10060000206803F06DFA0221206803F025FA400308
:1006100020684FF0020148D003F01EFA90FAA0F0D3
:10062000B0FA80F12868420344D090FAA0F0B0FA02
:1006300080F0814204D100220221206803F050FAA8
:100640000321206803F008FA400320684FF00301FB
:1006500033D003F001FA90FAA0F0B0FA80F12868E4
:1006600042032FD090FAA0F0B0FA80F0814204D17A
:1006700000220321206803F033FA2068816811F01A
:10068000010F22D0B5E000E004E003F0E5F9C0F38B
:1006900084618DE7C0F3846091E703F0DDF9C0F376
:1006A0008461A2E7C0F38460A6E703F0D5F9C0F344
:1006B0008461B7E7C0F38460BBE703F0CDF9C0F312
:1006C0008461CCE7C0F38460D0E72A7B296850F8C6
:1006D000B03FC1F3120C23EA0C0302F0180C314AAC
:1006E00022FA0CF20A4013430360E96841457DD1C8
:1006F000286841031BD090FAA0F1B1FA81F1491C9E
:1007000001F01F0109294FEA403131D8002911D0E9
:1007100090FAA0F1B1FA81F101F1010101F01F019C
:1007200006FA01F609D100BFC0F3846109E0C0F305
:100730008461E4E7C0F38461EEE790FAA0F1B1FAD6
:1007400081F101F1010101F01F0146EA816102D14D
:10075000C0F3846003E090FAA0F0B0FA80F000F1FA
:10076000010000F01F0000EB400041EA00513AE0B8
:1007700000290ED090FAA0F1B1FA81F101F1010146
:1007800001F01F0106FA01F60ED100BFC0F384612B
:100790000EE0C0F38461F1E700007F4000401004E8
:1007A00000F0FF03FFFF070090FAA0F1B1FA81F11A
:1007B00001F1010101F01F0146EA816102D1C0F39C
:1007C000846003E090FAA0F0B0FA80F000F101003C
:1007D00000F01F003A4A00EB400002EB005041EAF3
:1007E000000141F00071AA68206800E001E003F018
:1007F00060F934482B6803425ED022684FF0A04C69
:100800003148324E324D624501D0AA4201D10146F3
:1008100000E031468968DFF8BC8001F0E0714345B3
:1008200003D0DFF8B480434520D15FEA01281DD40E
:10083000624505D0294B9A423ED1AA4200D03046AB
:1008400041F40001826822F0E0720A438260244889
:1008500024490068B0FBF1F0801C00EB40008000F0
:1008600000E0401E00900028FBD125E0DFF87880F2
:1008700043450FD15FEAC1180CD4AA4202D11B4BE9
:100880009A4219D0624502D0AA4200D0304641F0C7
:1008900080710CE0DFF8588043450DD14B020BD43A
:1008A000AA4209D0624500D0304641F480018268F6
:1008B00022F0E0720A43826084F85870484686E568
:1008C000000020FE000008800003005000070050D8
:1008D00000010050000021C31000C090000600502D
:1008E00018000020400D0300000052C70005005012
:1008F000000084CB70477047704770472DE9F04F78
:10090000044690F858009BB00F464FF0000B0128AA
:1009100012D0012084F858000026179618962068F7
:100920004FF0A048DFF81C91DFF81CA1474D40456F
:1009300006D12846009508E002201BB0BDE8F08FE4
:1009400048450AD15046CDF800A003F097F8009032
:10095000206803F093F840B109E0E06D40F020001A
:10096000E06584F858600120E7E7009850B1E06D39
:1009700040F02000E0654FF0010B00BF84F85860A4
:100980005846DAE720684146884201D0A84201D1A2
:100990002F4800E02F48D7F800C02F4B40F61F72B9
:1009A000BCF1000F2DD0D0F808C094F838802CF49A
:1009B000604C4CEA483CD7F804804CEA080CC0F87C
:1009C00008C0D4F800C08C4501D0AC4504D189687A
:1009D000AB6801F0010109E0D9F80810DAF8085015
:1009E00001F0010105F001059B68294303F00103B3
:1009F0001943C3D1BB6839681943836893431943CA
:100A00001DE0876827F46047876027688F4201D020
:100A1000AF4204D18968AB6801F0010109E0D9F85F
:100A20000810DAF8085001F0010105F001059B6893
:100A3000294303F001031943A0D1816891438160E8
:100A40009CE7000000040050000500500001005029
:100A50000003005000070050000600502DE9F84F39
:100A600000270446009790F85800DFF81C840D46D4
:100A7000B946012811D0012684F85860206802F098
:100A8000F9FF60B1E06D40F02000E0655FF0010724
:100A900084F858903846BDE8F88F0220FBE7D5E986
:100AA00000210C23206803EA91131844036B01F022
:100AB0001F014FF01F0C0CFA01FCC2F3846223EA01
:100AC0000C038A4013430363206802F0D3FF82467D
:100AD000206802F0C7FF5AEA00003CD1AA682968E2
:100AE0002068B2F1004F37D002F0D4FF206841698E
:100AF00021F00041416120686969C268C2F3C10206
:100B0000520091402A69042A31D000EB82002B6800
:100B1000026EDFF878C303F0F84302EA0C020B43DD
:100B20001A4342F00041016622682869A96902EB74
:100B30008000026E22F080720A430266297F2268DA
:100B40002869012910D0002102EB8000026E22F0FA
:100B500000720A4302667DE0002202F09BFF2068DB
:100B6000416941F00041C5E74FF00071ECE7002119
:100B700002F06CFF400320684FF0000172D002F0D9
:100B800065FF90FAA0F0B0FA80F1286842036ED0B9
:100B900090FAA0F0B0FA80F0814204D10022114610
:100BA000206802F095FF0121206802F04FFF40030A
:100BB00020684FF001015DD002F048FF90FAA0F0EC
:100BC000B0FA80F12868420359D090FAA0F0B0FA48
:100BD00080F0814204D100220121206802F078FFD8
:100BE0000221206802F032FF400320684FF002012A
:100BF00048D002F02BFF90FAA0F0B0FA80F12868FC
:100C0000420344D090FAA0F0B0FA80F0814204D1BF
:100C100000220221206802F05BFF0321206802F01D
:100C200015FF400320684FF0030133D002F00EFFA0
:100C300090FAA0F0B0FA80F1286842032FD090FA21
:100C4000A0F0B0FA80F0814204D100220321206894
:100C500002F03EFF2068816811F0010F22D0ACE065
:100C600000E004E002F0F2FEC0F384618DE7C0F31F
:100C7000846091E702F0EAFEC0F38461A2E7C0F36A
:100C80008460A6E702F0E2FEC0F38461B7E7C0F338
:100C90008460BBE702F0DAFEC0F38461CCE7C0F306
:100CA0008460D0E72A7B296850F8B03FC1F3120C6A
:100CB00023EA0C0302F0180C754A22FA0CF20A40DF
:100CC00013430360E968414577D1286841031CD08C
:100CD00090FAA0F1B1FA81F1491C01F01F01092934
:100CE0004FEA403132D8002912D000BF90FAA0F16B
:100CF000B1FA81F101F1010101F01F0106FA01F6DB
:100D000009D100BFC0F3846109E0C0F38461E3E767
:100D1000C0F38461EEE790FAA0F1B1FA81F101F13C
:100D2000010101F01F0146EA816102D1C0F3846034
:100D300003E090FAA0F0B0FA80F000F1010000F0BA
:100D40001F0000EB400041EA005132E000290ED0C4
:100D500090FAA0F1B1FA81F101F1010101F01F0156
:100D600006FA01F606D100BFC0F3846106E0C0F3C5
:100D70008461F1E790FAA0F1B1FA81F101F101018A
:100D800001F01F0146EA816102D1C0F3846003E0F3
:100D900090FAA0F0B0FA80F000F1010000F01F001E
:100DA0003C4A00EB400002EB005041EA000141F0F8
:100DB0000071AA68206802F06DFE37482B68034274
:100DC0003FF466AE21684FF0A04C3448344E354DA8
:100DD000614501D0A94201D1024600E03246926845
:100DE000DFF8C48002F0E072434503D0DFF8BC8036
:100DF000434521D15FEA02281ED4614506D02C4B21
:100E000099427FF445AEA94200D0304642F4000139
:100E1000826822F0E0720A43826026482649006810
:100E2000B0FBF1F0401C00EB4000800000E0401EF1
:100E300000900028FBD12BE6DFF8808043450FD1DE
:100E40005FEAC2180CD4A94202D11D4B9942F2D0DC
:100E5000614502D0A94200D0304642F080710CE0DA
:100E6000DFF860804345E6D15302E4D4A942E2D0E2
:100E7000614500D0304642F48001826822F0E07281
:100E80000A43826004E6000000007F4000F0FF0398
:100E9000FFFF0700000020FE000008800003005054
:100EA0000007005000010050000021C31000C09056
:100EB0000006005018000020400D0300000052C73B
:100EC00000050050000084CB704770472DE9F84FB3
:100ED00004460068066845684FF0A048DFF8909225
:100EE000404501D0484501D1A24800E0A2488068B1
:100EF00000F01F07B0070ED5A8070CD5E06DC0069F
:100F000003D4E06D40F40060E0652046FFF741FA4D
:100F1000216802200860DFF864B2DFF864A270077D
:100F200001D5680703D430073FD528073DD5E06DCC
:100F3000C00603D4E06D40F40070E065206802F064
:100F4000A1FD60B32068484501D1424604E0584500
:100F500001D1524600E00246824208D03FB1052F3F
:100F600005D0092F03D0484503D1414606E0C168AA
:100F700005E0584501D1514600E00146C9688904A1
:100F80000DD4016809070AD502F074FD58B3E06D6D
:100F900040F01000E065206E40F001002066204621
:100FA000FFF792FF21680C200860B00601D5A80663
:100FB00003D470065FD568065DD5E06DC00603D426
:100FC000E06D40F40050E0652068C16C11F4C07F12
:100FD0001AD00021009102F055FD024620684845D4
:100FE00014D1434617E02068416821F00C014160AC
:100FF000E06D20F48070E065E06DC004CFD4E06D5A
:1010000040F00100E065CAE70121E3E7584501D15E
:10101000534600E00346834208D03FB1062F05D077
:10102000072F03D0484503D1414606E0C16805E0DB
:10103000584501D1514600E00146C968009BA3B163
:101040008B0102D58AB18A040FD4026852060CD5EE
:1010500089020AD402F006FDF0B3E06D40F0100002
:10106000E065206E40F0010020662046FFF742FC5C
:1010700021686020086030060BD5280609D5E06D90
:1010800040F48030E065204600F094F9216880202B
:101090000860F0050CD5E8050AD5E06D40F4003095
:1010A000E0652046FFF728FC21684FF48070086057
:1010B000B0050CD5A8050AD5E06D40F48020E065A8
:1010C0002046FFF71AFC21684FF400700860F00614
:1010D00031D5E8062FD500E009E0E06BE8B12068E3
:1010E000EFB3404501D0484512D1224811E02068B5
:1010F000416821F060014160E06D20F48050E065BE
:10110000E06DC005B1D4E06D40F00100E065ACE7F2
:101110001948806800F4604050B1E06D40F4806090
:10112000E065206E40F0020020662046FFF7CDFE0D
:10113000216810200860700517D5680515D5E06D89
:1011400040F48040E065206E40F008002066216891
:101150004FF4806008602046BDE8F84F00E001E0F1
:10116000FFF7C9BBC068C007D6E7BDE8F88F00002D
:10117000000100500003005000070050000500501F
:1011800000040050F8B54FF0000504002E4600950D
:1011900002D0E06D10B107E00120F8BD204600F05C
:1011A0000BF9266684F8586020688168C1F34071A5
:1011B00019B18168734A1140816020688168C1F368
:1011C000007189B98168704A114041F08051816095
:1011D0006E486F490068B0FBF1F04000801C00E0F1
:1011E000401E00900028FBD120688168C1F3007187
:1011F00041B9E16D41F01001E165216E41F001015D
:101200002166012502F036FCE16DC90600D430B13B
:10121000E06D40F01000E06501252846F8BDE06D66
:1012200020F4807040F00200E0652068816811F0D1
:10123000010F27D14FF0A043564A984201D0904267
:1012400004D19968966801F001010AE05249896861
:10125000524E01F00101B66806F001063143504ECE
:10126000B66806F0010631430CD1984201D0904295
:1012700001D14C4800E04C486168826822F47C123D
:101280000A438260E168E06B627F0843A16841EA3B
:101290004231084394F8241040EA0140012904D166
:1012A000218D424A02EB41410843E16A29B101F430
:1012B0007871226B014342EA01002268D1683C4BFD
:1012C00019400143D16020680169626B21F04061DF
:1012D00011430161206802F0C5FB70BB207F94F8C8
:1012E00038102268800340EA4100D16844F20203CA
:1012F00099430143D16020690028206801690AD020
:1013000041F480310161206850F8C01F22696FF3F9
:101310000D01114307E021F480310161206850F88C
:10132000C01F6FF30D01016094F8400001280CD03C
:101330002068016921F001010161606901282068CC
:10134000016B21F00F0111D013E0D4E91101084322
:10135000D4E913121143084321680A6940F2FC736F
:101360009A43104340F001000861E6E7226A521EEA
:1013700011430163E06D20F0020040F00100E065E0
:101380004BE70000C0FFFF5FC0FFFF7F1800002099
:10139000400D030000010050000400500005005003
:1013A0000006005000030050000700500000FEFF40
:1013B0000740F0FF70470000F0B59BB004461421D1
:1013C00015A8FEF75FFF54216846FEF75BFF4FF458
:1013D0000041206800268A032E4D03272E4CB0F1D1
:1013E000A04F10D02D4B984252D1684611920091D7
:1013F00000F0C4FB08B1FEF7CAFF2868401C286053
:10140000012825D02CE068461192009100F0B6FB2F
:1014100008B1FEF7BCFF2868401C2860012807D1EE
:10142000E06C40F40050E064E06C00F400501A906E
:10143000E06C40F00100E064E06C179600F0010001
:101440001A900F20CDE9150715A94FF0904015E02F
:10145000E06C40F40050E064E06C00F400501A903E
:10146000E06C40F00400E064E06C179600F00400CB
:101470001A903720CDE9150715A9094800F052F94F
:1014800000221146122000F0E1FA122000F0D0FAFA
:101490001BB0F0BD08000020001002400001005009
:1014A0000008004810B590F8253000210122022BD9
:1014B00003D00421C163012122E003681C6824F0E9
:1014C0000E041C60836C1C6824F480741C60036828
:1014D0001C6824F001041C6090F84430046C03F094
:1014E0001F0302FA03F36360D0E913345C60436DB9
:1014F00033B11C6824F480741C60D0E916345C603D
:1015000080F82520002280F82420084610BD70B500
:1015100090F82520002401212346022A07D0042226
:10152000C26380F8251080F82430012429E0026885
:10153000156825F00E0515600268156825F001058F
:101540001560826C156825F48075156090F844204C
:10155000056C02F01F0201FA02F26A60D0E913255D
:101560005560426D32B1156825F480751560D0E97B
:101570001625556080F8251080F82430816B01B164
:101580008847204670BDF0B4016C0C6801680D6896
:1015900090F8442002F01F06042202FA06F32342C8
:1015A00011D06B070FD50B689B0603D40B6823F093
:1015B00004030B6090F8441001F01F018A40016C95
:1015C0004A60016B1DE0022303FA06F727424FF041
:1015D000000C4FF0010218D0AF0716D50C68A40616
:1015E00005D40C6824F00A040C6080F8252090F8DB
:1015F000441001F01F018B40016C4B6080F824C047
:10160000C16A00291AD0F0BC08470823B34023421E
:1016100014D02B0712D50B6823F00E030B6090F843
:101620004410036C01F01F0102FA01F15960C2631A
:1016300080F8252080F824C0416BE2E7F0BC7047B9
:1016400070B504000CD02B4A21681420914209D2B5
:10165000294A0A44B2FBF0F08000606427480AE09F
:10166000012070BD234A52420A44B2FBF0F08000D0
:101670006064204808382064022084F825000A6845
:1016800047F6F0708243D4E902031843D4E90435E5
:101690002B431843A3691843E3691843236A18438B
:1016A000104308602046FEF73FFEA0680025B0F515
:1016B000804F00D16560A16C20790860D4E91301E6
:1016C00041606068401E032808D82046FEF74CFEA3
:1016D000606D0560D4E91601416002E06565A565AD
:1016E000E565E563012084F8250084F82450002096
:1016F00070BD000008040240F8FFFDBF000002407A
:1017000070B5044600F03CF90546601C02D0044860
:101710004068044400F034F9401BA042FAD370BD85
:101720000C0000202DE9F04FDFF820920023012665
:101730000324A9F1040B85B00F2709F1040AABF1CA
:10174000040EFAE006FA03F52A407CD091F804C0B2
:101750000CF0030CBCF1010F02D0BCF1020F26D13A
:10176000D0F808C0CDF800C04FEA430C04FA0CF8DA
:10177000CDF810C0DDF800C02CEA080CCDF800C090
:10178000D1F80C80DDF810C008FA0CF8DDF800C0C4
:1017900048EA0C08C0F80880D0F804C02CEA050C10
:1017A0000D79C5F300159D4045EA0C0545600D799E
:1017B000ED43AD070ED0C5684FEA430804FA08FCB4
:1017C00025EA0C05D1F808C00CFA08FC4CEA050C17
:1017D000C0F80CC00D7905F00305022D16D1DD0807
:1017E00000EB850CCDF808C0DCF820805D074FEADF
:1017F000D56C07FA0CF528EA05080D6905FA0CF511
:10180000DDF808C045EA0805CCF8205005684FEA25
:10181000430CCDF808C004FA0CFC25EA0C0591F83D
:1018200004C00CF00308DDF808C008FA0CF848EA18
:101830000508C0F800804D6815F4403F7CD0444D49
:10184000D5F860C000E077E04CF0010CC5F860C04E
:101850002D6E23F0030C05F0010500953D4D654408
:101860000295AD684FEA837C4FEA1C7807FA08FCC2
:1018700025EA0C05B0F1904F06D0DFF8DCC06045DA
:1018800005D14FF0010C20E04FF0000C1DE0DFF817
:10189000CCC0604502D14FF0020C16E0DFF8C0C0AA
:1018A000604502D14FF0030C0FE0DFF8B8C060458F
:1018B00002D14FF0040C08E0DFF8ACC0604502D163
:1018C0004FF0050C01E04FF0060C0CFA08FC4CEA56
:1018D000050C029DC5F808C0D9F80050CC46D1F8D7
:1018E000048095435FEAC82800D51543CCF8005022
:1018F000DAF80050D446D1F8048095435FEA88288E
:1019000000D51543CCF80050DBF80050DC46D1F888
:10191000048095435FEA883800D51543CCF8005021
:10192000DEF80050F446D1F8048095435FEAC838E9
:1019300000D51543CCF800505B1C0A6832FA03F559
:101940007FF400AF05B0BDE8F08F0000080401404F
:101950000010024000000140000400480008004858
:10196000000C0048001000480014004800690840BE
:1019700000D0012070470AB18161704781627047D1
:1019800001488068704700000C0000200248816810
:1019900042681144816070470C00002010B500249B
:1019A000032000F073F80F2000F008F808B10124BC
:1019B00001E000F025F8204610BD000070B50E4E85
:1019C00005460024706898B14FF47A71B1FBF0F0CD
:1019D0000A490968B1FBF0F000F055FF40B9102D3D
:1019E00006D200222946501E00F030F8356000E093
:1019F0000124204670BD00000C00002018000020CB
:101A00000A4882B0016E41F001010166016E01F0E9
:101A100001010091816D41F080518165806D00F080
:101A20008050009002B000F0A1B800000010024009
:101A3000002809DB00F01F020121914040098000CD
:101A400000F1E020C0F8001170470000F0B40E4B28
:101A50001B680C46C3F30223C3F10705042D00D90C
:101A60000425191D072901D2002300E0DB1E0126F1
:101A700006FA05F1491E214099409E40761E164007
:101A80003143F0BC03F041B90CED00E0064900F031
:101A9000070208684FF6FF03184040EA0220034A95
:101AA00010430860704700000CED00E00000FA05EC
:101AB0002B492C4B0A6832214A432B4940B1B0F5DF
:101AC000007F086829D020F4C06040F480602CE0DA
:101AD0000868C0F34120022804D051F8800F20F498
:101AE000807022E0D1F8800020F48070C1F880007E
:101AF000086820F4C06040F400700860B2FBF3F0A6
:101B0000401C00E0401E4A69520501D50028F9D169
:101B1000486940050AD503207047C0F341200228D8
:101B200006D051F8800F40F48070086000207047A4
:101B3000D1F8800040F48070C1F88000086820F47B
:101B4000C06040F400700860B2FBF3F0401C00E09D
:101B5000401E4A695205DBD50028F9D1D8E70000BC
:101B60001800002040420F000070004002488168C9
:101B700041F4804181607047007000402DE9F843D6
:101B8000044600680026BB4D00035ED5A86D002703
:101B9000C00008D4A86D40F08050A865A86D01274A
:101BA00000F080500090DFF8D092D9F8001041F496
:101BB0008071C9F80010FFF7E3FE804606E000BF21
:101BC000FFF7DEFEA0EB080002282BD8D9F80000B2
:101BD000C005F5D5D5F8900010F4407014D0216DF3
:101BE000814211D0D5F89000D5F8901020F44070C3
:101BF00041F48031C5F89010D5F8901021F480316F
:101C0000C5F89010C5F89000C00711D0FFF7B8FED6
:101C1000804641F2883907E0FFF7B2FEA0EB0801E9
:101C2000494501D903260BE0D5F890008007F3D58C
:101C3000D5F89000216D20F440700843C5F890005D
:101C40001FB1A86D20F08050A8652078C00707D08C
:101C5000D5F88800616820F003000843C5F88800C3
:101C60002078800707D5D5F88800A16820F00C00FF
:101C70000843C5F888002078400707D5D5F88800C4
:101C8000E16820F030000843C5F88800207800079C
:101C900007D5D5F88800216920F0C0000843C5F8B1
:101CA00088002078C00607D5D5F88800616920F43F
:101CB00040700843C5F888002078800607D5D5F81D
:101CC0008800A16920F440600843C5F888002078A6
:101CD000400607D5D5F88800E16920F44050084354
:101CE000C5F888002078000607D5D5F88800216A55
:101CF00020F440400843C5F888002088C00507D577
:101D0000D5F88800616A20F440300843C5F888009F
:101D10002068800307D5D5F89C00A16A20F0030055
:101D20000843C5F89C002088800507D5D5F88800B1
:101D3000E16A20F440200843C5F888002088400567
:101D40000FD5D5F88800216B20F440100843C5F862
:101D50008800206BB0F5801F03D1E86840F4801044
:101D6000E860208800050FD5D5F88800616B20F465
:101D700040000843C5F88800606BB0F5800F03D1C0
:101D8000E86840F48010E8602088C0040FD5D5F8DA
:101D90008800A16B20F040700843C5F88800A06B54
:101DA000B0F1807F03D1E86840F48010E8602088BB
:101DB0004FF0006180040ED5D5F88800E26B20F06A
:101DC00040601043C5F88800E06B884203D1E868A2
:101DD00040F48010E860208840040ED5D5F88800D3
:101DE000226C20F040601043C5F88800206C8842C7
:101DF00003D1E86840F48010E860208800040FD523
:101E0000D5F88800616C20F040500843C5F8880080
:101E1000606CB0F1805F03D1E86840F48030E86026
:101E20002068C0030FD5D5F88800A16C20F0404091
:101E30000843C5F88800A06CB0F1804F03D1E86872
:101E400040F48030E860206840030FD5D5F89C004E
:101E5000E16C20F440100843C5F89C00E06CB0F53C
:101E6000001F03D1E86840F48010E8603046BDE808
:101E7000F883000000100240007000402DE9F04798
:101E80000E4605004FF0000725D0DFF8AC81D8F8EA
:101E9000000000F00F00B0420CD2D8F8001021F082
:101EA0000F013143C8F80010D8F8000000F00F000F
:101EB000B04210D12968614CC80741F2883A5AD023
:101EC0006868DFF87C91032808D0022820682DD0AC
:101ED000400500282CDB0120BDE8F0872068800148
:101EE000F9D5E06800F00302E068C0F30310401C7D
:101EF000032A19D0534A00BFB2FBF0F0E268C2F3E4
:101F000006225043E268C2F34162521C5200B0FB09
:101F1000F2F0484517D9A06810F0F00F0CD08807F0
:101F200011D5A86840B10EE0474AE5E78003D0E745
:101F300000F0B6F8484506D9A06820F0F00040F05F
:101F40008000A0608027A068696820F00300084333
:101F5000A060FFF715FD814606E000BFFFF710FD0A
:101F6000A0EB090151453AD8A068696800F00C005F
:101F7000B0EB810FF2D12868810714D5400703D553
:101F8000A06840F4E060A0602878000705D5A0684C
:101F900020F4605040F4E060A060A068A96820F0E0
:101FA000F000084304E0802F03D1A06820F0F00087
:101FB000A060D8F80010404601F00F01B14216D9D8
:101FC000016821F00F0131430160FFF7D9FC07469A
:101FD00007E000BFFFF7D4FCC11B514501D9032026
:101FE0007AE7D8F8000000F00F00B042F2D128786C
:101FF000400705D5A068E96820F4E0600843A060C8
:102000002878000706D5A068296920F4605040EAC6
:10201000C100A06000F044F8A1680C4AC1F30311AC
:10202000515C01F01F01C840094908600948006877
:10203000BDE8F047FFF7C2BC00200240001002409C
:1020400000B4C4040024F40040787D016850000806
:10205000180000200C000020054806490068896827
:10206000054AC1F30221515C01F01F01C8407047CD
:10207000180000200010024078500008054806496A
:1020800000688968054AC1F3C221515C01F01F0153
:10209000C840704718000020001002407850000827
:1020A000184910B58868C0F381021748012A0BD07F
:1020B0008A68164BC2F38102022A06D08A68C2F3EC
:1020C0008102032A03D0002010BD184610BDCA6843
:1020D00002F00304CA68C2F30312521C032C02D09C
:1020E000B0FBF2F001E0B3FBF2F0CA68C968C2F3DA
:1020F00006225043C1F34161491C4900B0FBF1F095
:1021000010BD0000001002400024F40040787D0162
:102110002DE9F84304007AD02078F84DC00747D065
:10212000A868E96800F00C0001F003010C2802D057
:10213000082817D001E0032914D06068B0F5803F6B
:1021400017D0B0F5A02F286817D020F48030286071
:10215000286820F4802028606068E0B1FFF710FC58
:10216000064614E02868800322D560680028D2D093
:102170001EE0286840F48030EDE740F480202860BD
:10218000F7E700BFFFF7FCFB801B642870D82868C6
:102190008003F7D50CE0FFF7F3FB064605E000BF30
:1021A000FFF7EEFB801B6428F0D828688003F7D483
:1021B000207880074CD5A868E96800F00C0001F091
:1021C00003010C2802D004280DD001E002290AD016
:1021D000E068002828682BD040F480702860FFF762
:1021E000CFFB064619E02868400502D5E0680028C4
:1021F00091D06868217C20F0FE4040EA0160686070
:10220000BF480068FFF7DAFB002800D120E072E148
:10221000FFF7B6FB801B0228B8D828684005F7D521
:102220006868217C20F0FE4040EA016068600FE0B1
:1022300020F480702860FFF7A3FB064605E000BF8E
:10224000FFF79EFB801B0228A0D828684005F7D422
:102250002078000729D560690028D5F8940013D0AC
:1022600040F00100C5F89400FFF78AFB064606E03F
:1022700090E000BFFFF784FB801B022886D8D5F8CA
:1022800094008007F6D510E020F00100C5F8940016
:10229000FFF776FB064604E0FFF772FB801B02287F
:1022A00078D8D5F894008007F6D42078400761D517
:1022B000A86D0026C00008D4A86D40F08050A86525
:1022C000A86D012600F0805000908E480168C90575
:1022D00011D40168804641F480710160FFF750FB22
:1022E000074604E0FFF74CFBC01B022852D8D8F881
:1022F0000000C005F6D5A068012815D00528D5F83E
:10230000900016D020F00100C5F89000D5F890009C
:1023100020F00400C5F89000A06841F28838B8B1F8
:10232000FFF72EFB07460EE0D5F8900040F00100C5
:10233000F0E740F00400C5F89000F5E7FFF720FB58
:10234000C11B414526D8D5F890008007F6D50CE092
:10235000FFF716FB074604E0FFF712FBC11B4145E0
:1023600018D8D5F890008007F6D41EB1A86D20F0DB
:102370008050A8652078800629D5A0690028D5F866
:10238000980013D040F00100C5F89800FFF7F8FA64
:10239000064606E075E000BFFFF7F2FA801B022850
:1023A0006FD8D5F898008007F6D510E020F001002E
:1023B000C5F89800FFF7E4FA064604E0FFF7E0FAF4
:1023C000801B02285DD8D5F898008007F6D4E06914
:1023D000F0B3A968C1F3810103295DD00228286800
:1023E00020F08070286003D0FFF7CAFA04464BE063
:1023F000FFF7C6FA064604E0FFF7C2FA801B022880
:102400003FD828688001F7D4F4E908016FF00F0283
:1024100002EB01110843218A5204490802EB4151A1
:10242000A26841EA02210843217D4FF07E4249081B
:1024300002EB41610843217B40EAC160E968324A0E
:1024400011400843E860286840F08070286000E090
:102450005EE0E86840F08070E860FFF791FA0446BB
:1024600005E000BFFFF78CFA001B022809D8286896
:102470008001F7D54CE000BFFFF782FA001B02286D
:1024800002D90320BDE8F88328688001F4D4E86805
:102490001E490840E8603BE00128F3D0E868226A62
:1024A00000F00301914226D1616A00F0F0020901B7
:1024B000103991421FD1A26A00F4FE41B1EB022F04
:1024C00019D194F82C2000F07841B1EBC26F12D1F1
:1024D000218E00F4C00249084905A1F5001191427E
:1024E00009D194F8341000F0C06049084906A1F100
:1024F000007181420CD00120C4E7000000100240AE
:102500000C000020007000400C809F01FCFFEEFEDC
:102510000020B7E770B5040009D0606A002540B11B
:1025200025616561A56294F85D0040B10CE0012071
:1025300070BD6068B0F5827FF4D0E561F2E784F8A1
:102540005C50204600F05CF8022084F85D002068B2
:10255000016821F040010160E1684FF4E0629142BE
:1025600001D9002001E04FF48050B1F5706F02D026
:10257000914200D0A562A188228901F4827102F4FF
:1025800004421143227C02F002021143227D02F038
:1025900001021143228B02F400721143227F02F0E8
:1025A0003802114394F8202002F080021143228D5A
:1025B00002F40052114322681160A169042202EA68
:1025C000114194F8242000F4805002F010021143CD
:1025D00094F8342002F008021143A28902F47062D8
:1025E00011430143206841602068C16921F4006102
:1025F000C1612566012084F85D00002070BD0000E7
:10260000F0B587B0064614216846FDF73BFE334A15
:102610003068002532490224904227D1086E40F4E8
:1026200080500866086E00F480500590C86C40F039
:102630000200C864C86C052600F00200059018204E
:102640008DE83100274FCDE9035669463846FFF73C
:1026500069F82020CDE9000402AA012082E8610087
:1026600069463846FFF75EF807B0F0BD1E4A904253
:10267000FAD1886D40F400408865886D00F4004010
:102680000590C86C40F00400C864C86C694600F04E
:10269000040005904FF4A0508DE831000620CDE9EC
:1026A00003501248FFF73EF8124C114820600F20EB
:1026B00060601020C4E90205802020614000606154
:1026C0008000C4E90605800020622046FEF7B8FFBE
:1026D00008B1FDF75CFE7465A662C5E700300140F5
:1026E0000010024000040048003C00400008004880
:1026F000080002400C0200202DE9F84F98461646CB
:102700008A460446FFF73CF9814694F85D000128AB
:1027100020D1BAF1000F6FD0002E6DD094F85C007C
:10272000012817D0012784F85C70032084F85D002D
:1027300000252566C4F838A0A687E6872564A4F896
:102740004450A4F846502565E564A068B0F5004FF4
:1027500003D00CE00220BDE8F88F2068016821F06A
:10276000400101602068016841F4804101602068F7
:102770000168490603D4016841F040010160E06846
:10278000B0F5E06F606826D908B1012E1FD1A06BAB
:1027900021680088C86006E020688168890709D53B
:1027A000A16B0988C160A06B801CA063E08F401EF4
:1027B000E0870CE0FFF7E4F8A0EB0901414503D303
:1027C000B8F1FF3F03D04BE0B8F1000F48D0E08FE5
:1027D0000028E1D139E008B1012E33D1E08F012882
:1027E000A06B03D921680088C86010E021680078D8
:1027F000087314E0E08725E043E0206881688907DA
:1028000013D5E18F0129A16B07D90988C160A06B9D
:10281000801CA063E08F801EECE709780173A06B39
:10282000401CA063E08F401EE4E7FFF7A9F8A0EB8F
:102830000901414503D3B8F1FF3F03D010E0B8F1DF
:10284000000F0DD0E08F0028D7D14A4641462046E0
:1028500001F001FC08B120202066A06830B109E039
:1028600084F85D7084F85C50032074E72068C168C8
:102870008068009084F85D7004F85C5F60680028F0
:10288000F3D0012067E710B5401EB0F1807F01D37F
:10289000012010BD4FF0E02460610F21601702F0AD
:1028A00034FA0020A06107202061002010BD70478D
:1028B0007047704730B590F83C20012A45D001227E
:1028C00080F83C20CA688B6822F440721A434B6837
:1028D00022F480621A430B6822F400621A430B69E7
:1028E00022F480521A434B6922F400521A430B6BB4
:1028F00022F480421A430B8B22F4702242EA0342F4
:10290000CB6922F080521A43114D03680024AB4278
:1029100005D0104DAB4202D00F4DAB4210D10D8D02
:1029200022F4700242EA05520D6A22F080722A43B4
:102930004D6A22F000722A43C96A22F000520A430B
:102940005A6480F83C40002030BD022030BD0000B9
:10295000002C014000340140005001407047704796
:1029600070470000F0B590F83C20012A43D00125C3
:1029700080F83C50022280F83D2003685A689C6829
:102980001E4E1F4FDFF87CC0B34203D0BB4201D0C4
:10299000634504D122F4700E4A6842EA0E02DFF861
:1029A00068E002EA0E02D1F800E04EEA020EC3F837
:1029B00004E00268B24212D0B2F1804F0FD0134B44
:1029C0009A420CD0124B9A4209D0124B9A4206D02E
:1029D000BA4204D0104B9A4201D0624504D18968B2
:1029E00024F080031943916080F83D50002180F865
:1029F0003C100846F0BD0220F0BD0000002C014054
:102A000000340140005001408FFFFFFD00040040F2
:102A100000080040000C00400040014010B5044692
:102A2000022249B104290ED0082913D094F8470096
:102A3000012816D0012010BD94F844000128F9D1D6
:102A400084F844200FE094F845000128F2D184F87E
:102A5000452008E094F846000128EBD184F8462090
:102A600001E084F847200422206801F0D6FC2068A9
:102A7000416C41F40041416413492068884214D0FC
:102A8000B0F1804F11D0114988420ED010498842D0
:102A90000BD01049884208D00F49884205D00F4911
:102AA000884202D00E49884207D181680D4A114000
:102AB000062906D0B1F5803F03D0016841F001013D
:102AC0000160002010BD0000002C01400004004007
:102AD00000080040000C004000340140004001406C
:102AE0000050014007000100704710B5040003D0FA
:102AF00094F83D0010B107E0012010BD002084F8DB
:102B00003C00204600F022F8022084F83D00211D00
:102B1000206801F003FC012084F8480084F83E009E
:102B200084F83F0084F8400084F8410084F84200B3
:102B300084F8430084F8440084F8450084F8460093
:102B400084F8470084F83D00002010BD08B5154A00
:102B50000168154891420ED1816D41F010018165E7
:102B6000806D002200F01000009011463620FEF724
:102B70006DFF362010E00D4A914211D1816D41F078
:102B800020018165806D002200F020000090114638
:102B90003720FEF75BFF3720BDE80840FEF748BF4F
:102BA00008BD00000010004000100240001400406A
:102BB00090F83D10012901D001207047022180F8D2
:102BC0003D100168CA6842F00102CA6000681349FA
:102BD000884214D0B0F1804F11D0114988420ED0F4
:102BE000104988420BD01049884208D00F498842CA
:102BF00005D00F49884202D00E49884207D181682A
:102C00000D4A1140062906D0B1F5803F03D0016876
:102C100041F001010160002070470000002C0140DC
:102C20000004004000080040000C00400034014057
:102C300000400140005001400700010070472DE9AD
:102C4000F04104460068C66805694FF00007A9070F
:102C500013D5B10711D5F91E016101202077206835
:102C600080698007204602D0FFF7E8FF04E000F00B
:102C700015F9204600F0F4F92777680716D5700794
:102C800014D521686FF004000861022020772068C5
:102C9000806910F4407F204602D0FFF7CFFF04E0A8
:102CA00000F0FCF8204600F0DBF92777280715D55F
:102CB000300713D521686FF00800086104202077E1
:102CC0002068C0698007204602D0FFF7B7FF04E004
:102CD00000F0E4F8204600F0C3F92777E80616D59F
:102CE000F00614D521686FF01000086108202077E5
:102CF0002068C06910F4407F204602D0FFF79EFF95
:102D000004E000F0CBF8204600F0AAF92777E807A6
:102D100008D0F00706D021686FF001000861204656
:102D200000F02AFA280601D4A80408D5300606D5F2
:102D300021686FF4025008612046FFF7B9FDE805ED
:102D400008D5300606D521686FF4807008612046EA
:102D5000FFF7ADFD680608D5700606D521686FF04F
:102D600040000861204600F01DFAA80608D5B0060C
:102D700006D521686FF0200008612046FFF799FD15
:102D8000E80208D5F00206D521686FF480100861CA
:102D90002046FFF7E4FDA80208D5B00206D5216859
:102DA0006FF4001008612046FFF7D8FD680208D5CF
:102DB000700206D521686FF4800008612046FFF795
:102DC000CFFD28020AD5300208D521686FF4000033
:102DD00008612046BDE8F041FFF786BEBDE8F081FE
:102DE000F0B587B0044614216846FDF74BFA274931
:102DF0002068884248D12648C16C41F00401C16472
:102E0000C16C01F004010591C16C41F00201C16483
:102E1000C16C01F002010591C16C41F00101C16476
:102E2000C06C022500F001000590082000900024ED
:102E3000CDE9015469461748CDE90345FEF772FC18
:102E40004FF4C0400090CDE901540626124FCDE961
:102E5000034669463846FEF765FCA8030090CDE9B5
:102E600001540420CDE9034069463846FEF75AFC78
:102E70004FF4E0600090CDE90154CDE90346694686
:102E80004FF09040FEF74EFC07B0F0BD002C014023
:102E9000001002400008004800040048704770B568
:102EA000044690F83C0000260D4601280BD0012076
:102EB00084F83C000C2A4AD007DC82B1042A20D0D6
:102EC000082A06D131E0022070BD102A53D0142AFE
:102ED00063D00126002084F83C00304670BD206895
:102EE00001F0A8FA2068816941F008018161206839
:102EF000816921F004018161206881692A69114397
:102F000011E0206801F0ECFA2068816941F4006169
:102F100081612068816921F4806181612068816913
:102F20002A6941EA02218161D4E7206801F028FB87
:102F30002068C16941F00801C1612068C16921F0C0
:102F40000401C1612068C1692A69114311E0206848
:102F500001F066FB2068C16941F40061C16120682D
:102F6000C16921F48061C1612068C1692A6941EAAF
:102F70000221C161AEE7206801F0A2FB2068016D6B
:102F800041F0080101652068016D21F0040101652F
:102F90002068016D2A69114311E0206801F0CCFB23
:102FA0002068016D41F4006101652068016D21F424
:102FB000806101652068016D2A6941EA022101658D
:102FC00088E710B5040003D094F83D0010B107E085
:102FD000012010BD002084F83C00204600F022F8BB
:102FE000022084F83D00211D206801F097F901209E
:102FF00084F8480084F83E0084F83F0084F84000DC
:1030000084F8410084F8420084F8430084F84400C6
:1030100084F8450084F8460084F8470084F83D00B1
:10302000002010BD08B500680B49884212D10B483A
:10303000016E41F400610166006E002200F4006040
:10304000009011461920FEF701FDBDE80840192047
:10305000FEF7EEBC08BD0000002C0140001002404D
:103060007047000070B50446022269B1042912D0ED
:10307000082917D00C291CD0102921D094F843001E
:10308000012824D0012070BD94F83E000128F9D118
:1030900084F83E201DE094F83F000128F2D184F826
:1030A0003F2016E094F840000128EBD184F840203E
:1030B0000FE094F841000128E4D184F8412008E0B1
:1030C00094F842000128DDD184F8422001E084F820
:1030D00043200122206801F093F91D4920681D4A10
:1030E0001D4B1E4D88420BD0904209D0984207D00C
:1030F0001B4EB04204D01B4EB04201D0A84203D1B7
:10310000466C46F4004646642068884211D0B0F10F
:10311000804F0ED0144988420BD01449884208D001
:103120001349884205D0904203D0984201D0A8426A
:1031300007D181680F4A1140062906D0B1F5803FBA
:1031400003D0016841F001010160002070BD000062
:10315000002C01400034014000400140005001407B
:1031600000440140004801400004004000080040C5
:10317000000C0040070001000068084988420BD19C
:103180000749002051F8202012B1521E41F820209A
:10319000401CC0B21428F5D3704700000014004052
:1031A0001C000020704790F88410012918D00121DC
:1031B00080F884102421C0F8881001680A680B6820
:1031C00023F001030B6022F00051002242660368E5
:1031D00019602021C0F8881080F8842010467047BC
:1031E000022070477047704770B5044690F884001D
:1031F00001281DD0012084F884002420C4F8880010
:1032000020680568026822F0010202602068826876
:1032100022F060620A438260204601F0CBFA206807
:1032200005602020C4F88800002084F8840070BD68
:10323000022070BD70B5044690F8840001281DD0AE
:10324000012084F884002420C4F8880020680568E0
:10325000026822F0010202602068826822F0604267
:103260000A438260204601F0A5FA2068056020200C
:10327000C4F88800002084F8840070BD022070BD6E
:1032800070477047704700002DE9F041036804461D
:10329000D86919689A6840F60F0528424FF0000572
:1032A0004FF002060AD187067ED501F0200702F012
:1032B000805C57EA0C0777D0616F42E1B64FDFF8C8
:1032C000DCC2174001EA0C0C57EA0C0C6CD05FEA28
:1032D000C07C0CD05FEAC15C09D54FF0010CC3F88B
:1032E00020C0D4F8903043F00103C4F89030830735
:1032F00009D5D30707D023681E62D4F8903043F075
:103300000403C4F8903043070AD5D30708D02668D1
:1033100004233362D4F8903043F00203C4F89030B1
:1033200003070CD501F020033B4308D0266808238F
:103330003362D4F8903043F00803C4F890300305AA
:103340000BD54B0109D526684FF400633362D4F8DE
:10335000903043F02003C4F89030D4F89030002B24
:103360003DD0800609D501F0200002F080510843CD
:1033700003D0616F09B120468847D4F890002168D6
:103380008968490602D410F0280F2AD0204601F09F
:10339000F5FA2068806840061ED52068083050E89D
:1033A000001F21F0400100E021E040E80012002A67
:1033B000F3D1D4F8800078B179498163D4F88000E2
:1033C000FEF7A5F800280AD0D4F88000816B00E051
:1033D0002046BDE8F04108472046FFF753FFBDE80F
:1033E000F0812046FFF74EFFC4F89050F7E7D4F87D
:1033F0006CC02027BCF1010F7ED15FEAC06C7BD589
:103400005FEAC16C78D51020186220688068400699
:1034100051D5D4F880100A6850680004000C3ED0E2
:10342000B4F85C3083423AD9A4F85E0008680068BA
:1034300080062CD4216851E8000F20F4807041E808
:103440000002002AF6D12068083050E8001F21F061
:10345000010140E80012002AF5D12068083050E848
:10346000001F21F0400140E80012002AF5D1C4F805
:103470008C70E566216851E8000F20F0100041E8EB
:103480000002002AF6D1D4F88000FEF70BF8266778
:10349000B4F85C00B4F85E10401A81B207E0B4F8EA
:1034A0005C1081429BD11068800698D52667204623
:1034B000FFF798FE93E7B4F85C00B4F85E10401A8A
:1034C00081B2B4F85E00002889D0002987D0226834
:1034D00052E8000F20F4907042E80003002BF6D170
:1034E0002D4BDB432068083050E8002F1A4040E89D
:1034F000002CBCF1000F00E00EE0F3D1C4F88C709A
:10350000E5666567206850E8002F22F0100240E869
:103510000023002BF6D1C9E7C60209D5560207D50C
:103520004FF4801018622046BDE8F041FFF7A9BEB5
:1035300003060AD501F0800302F40002134304D00D
:10354000A16F00297FF444AF49E7420611D54A062E
:103550000FD52046016851E8002F22F0400241E8D3
:103560000023002BF6D1C0F88870856700F098F82A
:1035700035E7020206D54A0004D52046BDE8F041F1
:10358000FFF77EBEC00195D5002993DA2046BDE83D
:10359000F041FFF728BE00000100001020010004E8
:1035A0006D49000810B5040003D0D4F8880010B1AC
:1035B00007E0012010BD002084F88400204600F0C0
:1035C00027F82420C4F888002068016821F0010150
:1035D0000160A06A10B1204601F00EF9204601F00A
:1035E000F7F90128E6D02068416821F49041416054
:1035F0002068816821F02A0181602068016841F01B
:10360000010101602046BDE8104001F059B90000F9
:1036100010B59CB00446142115A8FCF733FE5421C4
:103620006846FCF72FFE1B49206888422FD10420F2
:103630000024009003946846FEF7A0FA08B1FCF756
:10364000A6FE1548816D41F480218165816D01F4EC
:1036500080211A91C16C41F00201C164C06C15A9AE
:1036600000F002001A904FF4406015900220CDE95E
:1036700016040720CDE918400848FEF753F8002249
:1036800011462720FEF7E2F92720FEF7D1F91CB0FA
:1036900010BD000000480040001002400004004837
:1036A0007047FEE72DE9F04107461C4615460E46D9
:1036B0002A2000F099F92837B8B200F0B5F928357A
:1036C000A8B200F0B1F92B2000F08EF93536B0B277
:1036D00000F0AAF93534A0B200F0A6F9BDE8F04137
:1036E0002C2000F081B910B514460B460246FFF7B6
:1036F000D9FF2046BDE8104000F096B92DE9F0470B
:1037000080461F46581E83B21646501E82B20C4693
:103710004046DDF82090FFF7C5FF0AE0454604E08B
:10372000484600F081F96D1CADB2B542F8D3641C77
:10373000A4B2BC42F2D3BDE8F08700002DE9FF4FF0
:1037400081B00446DDF83C9000904FEA59074FF0F5
:103750000008780700D0012000EBD70000FB09FB30
:10376000203AD0B20390029802994844401E83B296
:10377000E019401E82B22046FFF794FF002553E077
:10378000B9F10C0F2AD0B9F1100F2ED0B9F1180FE2
:103790002ED0B9F1200F49D12749039801EB8010B1
:1037A000002610F805A0109800284FF0010000FA3C
:1037B00006F000EA0A0022D020B12046049A0299BD
:1037C000FFF791FF641C0098A4B2201AB84225D1DB
:1037D0000298009C401C80B2029023E00398174995
:1037E00000EB400001EB8000DAE71549039803E0A5
:1037F0000398144900EB400001EB0010D0E708B13A
:10380000049800E00E9800F00FF908F10100C0B232
:10381000B0FBF7F1804607FB118050B1761CF6B281
:10382000082EC0D36D1CADB25D45A9D305B0BDE86F
:10383000F08F4FF00008F5E7B46C000880500008E6
:10384000F4540008E45A00082DE9FF4F83B0054600
:10385000DDE9119100904FEAD90000FB01FB4FF028
:10386000000803204446029040F2475104FB01F057
:103870002E490190095C0598005D81424AD1049867
:103880000499863083B204EB840005EB00104F30BE
:1038900082B209FB045080B2FFF704FF002737E033
:1038A000224801990026084400EB070A13989AF869
:1038B000011000284FF0010000FA06F001EA0001B3
:1038C00011D021B12846069A0499FFF70CFF6D1C10
:1038D0000098ADB2291A494514D10498009D401CA6
:1038E00080B2049012E009B1069800E0109800F050
:1038F0009BF808F1010080B2B0FBF9F2804609FBA9
:10390000128078B1761CB6B2082ECFD37F1CBFB21E
:103910005F45C5D3641C0298A4B28442A4D307B007
:10392000BDE8F08F4FF00008F0E700001A890008AA
:103930002DE9FF4F83B00026DDE911B81D46824610
:103940004FEA58073446B1462CE0281B401EC1B24E
:103950000A2001F065FA0599B1FBF0F00A21B0FBED
:10396000F1F201FB120026B9691E8C4201DA58B14E
:1039700001263030C2B204FB07A0CDF800B0CDE97B
:10398000018980B2109B08E0CDF800B004FB07A0CD
:10399000CDE90189109B80B220220499FFF7CEFE69
:1039A000641CE4B2AC42D0D307B0BDE8F08F2DE97F
:1039B000FE4F9946DDE90D6714468A460546DDF857
:1039C00030800CE0CDF800804B4651462846CDE9CA
:1039D0000167FFF7B3FE05EB560085B2641C227841
:1039E000002AEFD1BDE8FE8F10B5044600224FF447
:1039F00000610448FDF7BFFF2046BDE810400121EB
:103A000000F01ABC0008004810B504460122D1029B
:103A10000448FDF7B0FF2046BDE81040012100F04A
:103A20000BBC00000008004810B504460122D1027A
:103A30000548FDF7A0FF200AFFF7E6FFE0B2BDE86A
:103A40001040FFF7E1BF00000008004800EB8100D4
:103A5000006E00F0F840704700EB8100006E00F04F
:103A6000F84070478068C0F3C00070478068C0F3BA
:103A7000C00070478068C0F3800070478068C0F362
:103A800080007047C06810F4406F01D0002070477C
:103A900001207047042303EAD15310B51844436949
:103AA000C1F3045107248C40A3438A40134343616C
:103AB00010BD042303EAD15310B518444369C1F380
:103AC000045107248C40A3438A401343436110BD33
:103AD00000EB8100016E21F0004111430166704747
:103AE00000EB8100016E21F0004111430166704737
:103AF00030B593B000240F9410943C216846119483
:103B0000FCF7C0FB34484FF0A041042501604FF49E
:103B10004031C0E9011485610121C460C0E904415C
:103B200004774477016280F8244080F83840C46309
:103B300080F84040FDF726FB08B1FCF728FC0FA9F0
:103B400025480F94FCF7DAFE08B1FCF720FC234867
:103B500000900920CDE901047F200594CDE90305FB
:103B6000B8200A908DF8244080208DF825400B90D5
:103B700008958DF826408DF8304069461648FCF7C8
:103B800009FC08B1FCF703FC1548009040F20F1047
:103B9000019069461048FCF7FDFB08B1FCF7F7FB04
:103BA0001048009040F21520019069460A48FCF741
:103BB000F1FB08B1FCF7EBFB0B48009040F21B3027
:103BC000019069460448FCF7E5FB002801D0FCF7AA
:103BD000DEFB13B030BD00006C000020020030049A
:103BE000040060080800900C1000C01030B589B0C7
:103BF00020216846FCF746FB19481849002401605B
:103C00004FF44031C0E90114C46004250461C0E9E7
:103C10000545047744770121016280F82440C4629D
:103C2000046380F83840C46380F84040FDF7AAFA86
:103C300008B1FCF7ACFB0B4800900620CDE901046D
:103C40007F200594CDE9030569460548FCF706FF8A
:103C5000002801D0FCF79BFB09B030BD00010050EB
:103C6000D80000202000F0140D4808B5816C41F008
:103C700004018164816C01F004010091816C41F0C8
:103C800001018164806C002200F001000090114667
:103C90000B20FDF7DBFEBDE808400B20FDF7C8BE9A
:103CA000001002402DE9F04786B014216846FCF769
:103CB000E9FA4348C16C41F00401C164C16C01F0F0
:103CC00004010591C16C41F02001C164C16C01F097
:103CD00020010591C16C41F00101C164C16C01F08A
:103CE00001010591C16C41F00201C164C16C01F098
:103CF00002010591C16C41F00801C164C06C314FF3
:103D000000F008004FF46844059000222146384630
:103D1000FDF731FE4FF400464FF090480022314647
:103D20004046FDF728FEDFF8A09000220421484617
:103D3000FDF721FEDFF894A0002240215046FDF758
:103D40001AFE0125CDE90045002402946946384653
:103D50000394FDF7E7FCC0208DE83100694640463A
:103D6000FDF7E0FCCDE90054694650460295FDF7A9
:103D7000D9FC4FF47070CDE90004694638460294CE
:103D8000FDF7D0FC0096CDE9015469464046039406
:103D9000FDF7C8FC04200090CDE90154694648466F
:103DA0000394FDF7BFFC40200090CDE90154694623
:103DB00050460394FDF7B6FC06B0BDE8F08700005E
:103DC0000010024000080048000C004800040048B1
:103DD000124810B5104901604FF482714160002112
:103DE0004FF47062C0E902120222026101224261B4
:103DF000520282611822C0E9072107224162C0E90C
:103E00000A1201634163FEF785FB002803D0BDE879
:103E10001040FCF7BCBA10BD003001404401002046
:103E2000124810B5104901604FF4827141600021C1
:103E30004FF4E062C0E902120222C0E9042112023A
:103E400082611022C0E9072107224162C0E90A12FB
:103E5000016308214163FEF75DFB002803D0BDE844
:103E60001040FCF794BA10BD003C0040A8010020AF
:103E700010B598B00024149415941C21684616942B
:103E8000FCF700FA342107A8FCF7FCF93148304967
:103E9000C0E900142021816041F29A01C0E90314B5
:103EA0008021C0E90541FFF78CF808B1FCF76FFAF3
:103EB0007020CDE9140414A926481694FEF752FD8B
:103EC00008B1FCF764FA6020CDE900040294039481
:103ED00004940594002269461E480694FEF7DFFF0D
:103EE00008B1FCF754FA042269461A48FEF7D7FFD6
:103EF00008B1FCF74CFA082269461648FEF7CFFFD6
:103F000008B1FCF744FA0C2269461248FEF7C7FFD5
:103F100008B1FCF73CFA0794089409944FF4005058
:103F20000A94CDE90B400D9400030E94CDE90F40A7
:103F30001194129407A907481394FEF7BBFC08B12B
:103F4000FCF725FA0348FEF74BFF18B010BD000040
:103F5000002C01406C0200203EB500240F48009464
:103F600001940D490294C0E9001444F26721C0E9AC
:103F7000024180218161FEF7B8FD08B1FCF707FA24
:103F800020200090694602940448FEF7EBFC0028CC
:103F900001D0FCF7FCF93EBD00100040B802002043
:103FA0003EB500240F48009401940D49029401602D
:103FB000A921C0E9011440F2E731C160802181618B
:103FC000FEF793FD08B1FCF7E2F900946946054855
:103FD0000294FEF7C7FC002801D0FCF7D8F93EBDDB
:103FE0000014004004030020184810B51649016071
:103FF0004FF4E1314160002181600C22C160C0E9D1
:1040000004128161C161016241628162FFF7CAFAF3
:1040100008B1FCF7BCF900210C48FFF70BF908B117
:10402000FCF7B5F900210948FFF7DEF808B1FCF705
:10403000AEF90648FFF7B7F8002803D0BDE81040F6
:10404000FCF7A5B910BD0000004800405003002057
:10405000FEE7FEE77047F8B515460E460B460092A0
:10406000044600224FF4C05100F01AF888B93346D4
:10407000002280212046009500F082F848B933469E
:1040800000224FF4C0612046009500F009F8002896
:1040900004D0206E40F0200020660320F8BD000010
:1040A0002DE9FE4F4FF0000A984617460E4604468B
:1040B0000C9D8DF804A0FDF763FC411BA8EB0105E6
:1040C000FDF75EFC814620684FF4C06B0C30029017
:1040D0002A480068C0EBC00000EB8000000D684378
:1040E000009043E05E4506D12FB9029800788DF824
:1040F00004009DF80400B8F1FF3F37D0FDF740FC05
:10410000A0EB0900A84203D215B1009858B32BE0E8
:104110002068416821F0E00141606068B0F5827F6D
:104120000BD1A068B0F5004F02D0B0F5806F04D17C
:104130002068016821F040010160A06AB0F5005FCD
:1041400009D12068016821F40051016020680168EC
:1041500041F400510160012084F85D0084F85CA006
:104160000320BDE8FE8F0025401E00902068806877
:104170003040B842B6D10020F3E70000180000201C
:104180002DE9F8431E46914688460446089DFDF7F2
:10419000F7FB401B351AFDF7F3FB0746254800687F
:1041A000C0F3CB30684338E0701C37D0FDF7E8FB34
:1041B000C01BA84203D215B1009860B32CE0206860
:1041C000416821F0E00141606068B0F5827F0BD169
:1041D000A068B0F5004F02D0B0F5806F04D1206820
:1041E000016821F040010160A06AB0F5005F09D1CB
:1041F0002068016821F4005101602068016841F4E1
:1042000000510160012084F85D00002084F85C000A
:104210000320BDE8F8830025401E009020688168D7
:1042200038EA010004D000214945BDD10020F0E763
:104230000121F9E71800002013B50A464FF0FF33BB
:1042400069460248FEF758FA1CBD0000A80100208C
:1042500010B504463620FFF7C7FB44B1012C08D047
:10426000022C08D0A020BDE81040FFF7CDBB0020F5
:10427000F9E7C020F7E77020F5E77047FDF786BB48
:1042800010B594B038216846FBF7FCFF14210EA846
:10429000FBF7F8FF0020FDF70BFC01200090000465
:1042A000032405210190CDE9084102204421CDE9F4
:1042B0000A1007900C900D906846FDF729FF08B191
:1042C00072B6FEE70F20CDE90E0400201090119089
:1042D000129004210EA8FDF7D1FD002801D072B67E
:1042E000FEE714B010BD00000248016841F47001FF
:1042F0000160704788ED00E00148FEF7A0BC0000B7
:104300006C0200200148FEF79ABC0000B8020020B1
:104310000148FEF794BC0000040300202DE9F04F93
:1043200002682E4B2E4E2F4FDFF8BCC02F4C304D65
:104330004FF0804B98420BD0584509D0B04207D07F
:10434000B84205D0604503D0A04201D0A84204D1B4
:1043500022F070084A6842EA0802DFF89880DFF825
:104360009890DFF898A0984211D058450FD0B042ED
:104370000DD0B8420BD0604509D0A04207D04045CF
:1043800005D0484503D0504501D0A84203D122F4BE
:104390004076CA6832434E6922F08002324302609E
:1043A0008A68C2620A688262984209D0A04207D035
:1043B000404505D0484503D0504501D0A84201D121
:1043C00009690163012141610169C90703D00169DC
:1043D00021F001010161BDE8F08F0000002C0140D7
:1043E0000004004000080040000C00400034014080
:1043F000005001400040014000440140004801409D
:1044000010B501F01F030121046A99408C43046236
:10441000016A9A401143016210BD10B501F00F030B
:104420000421046A99408C430462016A9A40114352
:10443000016210BD2DE9F047056A026A22F001020F
:104440000262436882691F4C25F0020522400C6815
:1044500022F0030214438A681C4E2A431A4D1C4F53
:10446000DFF870C0DFF87090DFF870A0A84209D0C4
:10447000B04207D0B84205D0604503D0484501D0CE
:10448000504506D122F00808CA6842EA080222F024
:104490000402A84209D0B04207D0B84205D0604516
:1044A00003D0484501D0504505D14D6923F44073F0
:1044B0001D438B692B4343608461496841630262F9
:1044C000BDE8F0878FFFFEFF002C01400034014063
:1044D00000400140004401400048014000500140BC
:1044E000F0B5056A026A22F010020262426883692E
:1044F0001C4C1E4E23400C6823F4407343EA0424F2
:1045000025F020038D681A4F43EA0513164DA84283
:1045100003D0B04201D0B84207D1D1F80CC023F08B
:10452000800343EA0C1323F04003A8420CD0B042AE
:104530000AD0104DA84207D00F4DA84204D00F4D0D
:10454000A84201D0B84207D14D6922F4406242EA44
:1045500085028D6942EA850242608461496881630F
:104560000362F0BDFF8FFFFE002C014000340140CC
:10457000005001400040014000440140004801401B
:10458000F0B5056A026A22F4807202624368C26969
:104590001C4C1E4E22400C6822F00302144325F4EA
:1045A00000728D681A4F42EA0522174DA84203D0C7
:1045B000B04201D0B84207D1D1F80CC022F4006259
:1045C00042EA0C2222F48062A8420CD0B0420AD007
:1045D000104DA84207D0104DA84204D00F4DA8425C
:1045E00001D0B84207D14D6923F4405343EA051383
:1045F0008D6943EA05134360C4614968C16302627F
:10460000F0BD00008FFFFEFF002C01400034014090
:10461000005001400040014000440140004801407A
:10462000F0B5056A026A22F4805202624268C369E8
:104630001C4C1E4E23400C6823F4407343EA0424B0
:1046400025F400538D681A4F43EA0533164DA842EE
:1046500003D0B04201D0B84207D1D1F80CC023F446
:10466000004343EA0C3323F48043A8420CD0B04209
:104670000AD0104DA84207D00F4DA84204D00F4DCC
:10468000A84201D0B84207D14D6922F4404242EA23
:1046900085128D6942EA85124260C46149680164ED
:1046A0000362F0BDFF8FFFFE002C0140003401408B
:1046B00000500140004001400044014000480140DA
:1046C00030B5056A026A22F4803202624268036DE4
:1046D000124C23400C681C4325F400330D8943EA37
:1046E00005430F4DA8420ED00E4DA8420BD00E4DE3
:1046F000A84208D00D4DA84205D00D4DA84202D0C9
:104700000C4DA84204D14D6922F4803242EA0522C0
:104710004260046549688164036230BD8FFFFEFF1B
:10472000002C0140003401400040014000440140A1
:10473000004801400050014030B5046A026A22F48A
:10474000801202624268036D134D24F400142B4062
:104750000D6843EA05230D8944EA05540F4DA8422C
:104760000ED00F4DA8420BD00E4DA84208D00E4DD2
:10477000A84205D00D4DA84202D00D4DA84204D14B
:104780004D6922F4802242EA85224260036549682D
:10479000C164046230BD0000FF8FFFFE002C0140A9
:1047A0000034014000400140004401400048014005
:1047B0000050014030B5416EB9B10268916892680D
:1047C000C1F342610B4B520F9C5CE50003F10804FE
:1047D000A25CB5FBF2F2A0F86A205A5C615CD200E0
:1047E000B2FBF1F1A0F8681030BD0121A0F86A1009
:1047F000F8E700005850000890F82810090706D57F
:1048000001684A68836B22F400421A434A6090F8B8
:104810002810C90706D001684A68C36A22F400322A
:104820001A434A6090F82810890706D501684A683B
:10483000036B22F480321A434A6090F8281049072B
:1048400006D501684A68436B22F480221A434A6005
:1048500090F82810C90606D501688A68C36B22F44F
:1048600080521A438A6090F82810890606D501689C
:104870008A68036C22F400521A438A6090F8281068
:10488000490611D501684A68436C22F480121A4324
:104890004A60416CB1F5801F06D101684A68836C9B
:1048A00022F4C0021A434A6090F82810090606D57F
:1048B00001684A68C06C22F4002202434A607047D3
:1048C0002DE9F84300260446C0F89060FDF758F83B
:1048D0008046206800684FF0200500076FF07E4793
:1048E00013D54346002229042046009700F0BCF966
:1048F00058B1216851E8000F20F0800041E8000223
:10490000002AF6D1C4F8885021E0206800684007EA
:1049100022D5434600224FF480012046009700F044
:10492000A3F9C8B1216851E8000F20F4907041E864
:104930000002002AF6D12068083050E8001F21F05C
:10494000010140E80012002AF5D1C4F88C5084F827
:1049500084600320BDE8F883C4F88850C4F88C5004
:1049600044F86C6F666026760020F3E710B5806A25
:104970000021A0F85E10FEF785FC10BD10B502689E
:1049800052E8001F21F4907142E80013002BF6D189
:104990000E4B0268083252E8001F194042E800142A
:1049A000002CF6D1C16E012908D1016851E8002F11
:1049B00022F0100241E80023002BF6D12021C0F89C
:1049C0008C100021C166416710BD0000FEFFFFEFA3
:1049D0002DE9F0410446016880682269E3691043CB
:1049E000626900251A431043DFF84CC20A68934BF2
:1049F0001A4002430A6020684168E26821F440518D
:104A0000114341602168A069614501D0226A1043C9
:104A10008A688B4B1A4002438A602068C16A626AC6
:104A200021F00F011143C1628649236886488B42F9
:104A30000DD1D0F8880010F0030006D0012867D00F
:104A4000022854D0032851D164E001204FE07F496F
:104A50008B420BD1D0F8880010F00C0047D004280E
:104A600045D0082852D00C2840D153E078498B42D9
:104A70000BD1D0F8880010F0300038D0102847D083
:104A8000202843D0302831D144E072498B420BD1E9
:104A9000D0F8880010F0C00029D0402838D08028F5
:104AA00034D0C02822D135E06B498B420ED1D0F8EA
:104AB000880010F440701AD0B0F5807F28D0B0F58F
:104AC000007F23D0B0F5407F10D123E063450DD1A6
:104AD000D0F8880010F4406009D0B0F5806F17D08E
:104AE000B0F5006F12D0B0F5406F13D010205B4AC4
:104AF0005B4F00264FF40041634539D160B1022875
:104B00000DD004280DD0082831D10EE00220EEE7A8
:104B10000420ECE70820EAE7FDF79EFA03E01146DF
:104B200003E0FDF7BDFA01007BD0606A37F8102082
:104B30006768B1FBF2F007EB4703834269D8B0EB3B
:104B4000073F66D8002308461946FBF763FB0902B6
:104B500041EA106102027808101871413A460023B8
:104B6000FBF758FB3F4AA0F54071914257D950E0FE
:104B7000E3694FF6EF788B422BD1092849D2DFE861
:104B800000F005080D48254848480E00FDF764FA76
:104B900001E0FDF773FA010001D142E01146606ABD
:104BA00037F81000B1FBF0F04100606801EB5001F4
:104BB000B1FBF0F1A1F1100040452AD84FF6F07298
:104BC00001EA0200C1F34201084328E0FDF768FA58
:104BD000E1E709281DD2DFE800F005080D1C1E1CC6
:104BE0001C1C0E00FDF738FA01E0FDF747FA010042
:104BF00001D116E01146606A37F81000B1FBF0F100
:104C0000606801EB5001B1FBF0F0A0F110014145EB
:104C100004D9012505E0FDF743FAE8E780B22168F1
:104C2000C8600120A4F86A0024F8680F2846E660EE
:104C30002661BDE8F081000000800040F369FFCFED
:104C4000FFF4FF1100380140001002400044004012
:104C500000480040004C0040005000400024F40098
:104C600040500008FFFC0F002DE9F0479946174619
:104C70000D4604464FF00008089E33E0701C31D00A
:104C8000FCF77EFEA0EB0900B04218D8BEB1206848
:104C90000168490726D5802D24D0402D22D0C16936
:104CA000C94309070DD4082505622046FFF766FEB3
:104CB000C4F8905084F884800120BDE8F087032078
:104CC000FBE7C069C04300050CD421684FF40060C5
:104CD00008622046FFF752FE2020C4F8900084F8B6
:104CE0008480ECE72068C06935EA000004D0002029
:104CF000B842C3D00020E0E70120F9E70148FEF701
:104D0000C3BA000050030020FEE70907090E00287F
:104D100004DB00F1E02080F80014704700F00F0081
:104D200000F1E02080F8141D704702E008C8121F4F
:104D300008C1002AFAD170477047002001E001C184
:104D4000121F002AFBD170470EB5FCF727FEFFF7B4
:104D500097FAFEF7A7FFFEF787FFFFF761F8FFF767
:104D600043F9FEF743FFFEF7C3FEFFF781F8FFF7B5
:104D7000F3F8FFF715F9FFF72BF800212348FEF7AA
:104D800071F900212148FDF749FE04211F48FEF773
:104D900069F904211D48FDF741FE08211B48FEF773
:104DA00061F908211948FDF739FE1848FDF700FFA1
:104DB0001748FDF7FDFE1748FDF7FAFE164E174C93
:104DC000662764254FF000084FF0904B4FF018090C
:104DD0004FF6FF7A30680028FCD12068662805D09D
:104DE00000F026F8C4E900753560F3E74021584625
:104DF000FCF7BCFD0246CDF800A0012318210020DD
:104E0000CDE90189FEF794FDECE700006C0200207B
:104E1000B8020020040300201C0000200000002035
:104E20000246012000E05043491EC9B2FBD2704740
:104E30007FB5002240217D48FCF79DFD6420FCF7F2
:104E40005FFC0122D4034FF0904521462846FCF731
:104E500092FD6420FCF754FC002221462846FCF712
:104E60008AFD6420FCF74CFC012221462846FCF711
:104E700082FD6420FCF744FC1120FEF7B5FD78208C
:104E8000FCF73EFC0220FFF7E3F93A20FEF7ACFD09
:104E90000520FEF7B9FDB220FEF7A6FD0C20FEF7B7
:104EA000B3FD0C20FEF7B0FD0020FEF7ADFD332072
:104EB000FEF7AAFD3320FEF7A7FDB720FEF794FD0D
:104EC0003520FEF7A1FDBB20FEF78EFD1920FEF771
:104ED0009BFDC020FEF788FD2C20FEF795FDC2202B
:104EE000FEF782FD0120FEF78FFDC320FEF77CFD5B
:104EF0001220FEF789FDC420FEF776FD2020FEF784
:104F000083FDC620FEF770FD0F20FEF77DFDD0204B
:104F1000FEF76AFDA420FEF777FDA120FEF774FDE1
:104F2000E020FEF761FDD020FEF76EFD0420FEF7C5
:104F30006BFD0D20FEF768FD1120FEF765FD1320C7
:104F4000FEF762FD2B20FEF75FFD3F20FEF75CFDC4
:104F50005420FEF759FD4C20FEF756FD1820FEF7B1
:104F600053FD0D20FEF750FD0B20FEF74DFD1F20D9
:104F7000FEF74AFD2320FEF747FDE120FEF734FD52
:104F8000D020FEF741FD0420FEF73EFD0C20FEF789
:104F90003BFD1120FEF738FD1320FEF735FD2C20D8
:104FA000FEF732FD3F20FEF72FFD4420FEF72CFDDB
:104FB0005120FEF729FD2F20FEF726FD1F20FEF7CA
:104FC00023FD1F20FEF720FD2020FEF71DFD2320DE
:104FD000FEF71AFD2120FEF707FD2920FEF704FD4C
:104FE000002487205021CDE90041CDE902044FF68D
:104FF000FF752B460EA221462046FEF725FC0A200F
:10500000FCF77EFB012010210094CDE90110002166
:105010002B4608A20846FEF7CAFC00218723F0228F
:1050200008460095FEF76AFB7FBD000000040048BB
:10503000464F4300594A52515A3737370000000053
:10504000010002000400060008000A000C00100025
:105050002000400080000001010101030701000061
:105060000804020408010101000000000000000023
:1050700001020304060708090000000001020304FE
:105080000000000000000000000000000000040418
:10509000040404000004000014140A0000000000CE
:1050A0000000000000000A0A1F0A0A1F0A0A000086
:1050B00000040E1505060C14150E04000000121550
:1050C0000D152E2C2A1200000000040A0A361515B0
:1050D000291600000202010000000000000000008C
:1050E000100808040404040408081000020404085A
:1050F000080808080404020000000004150E0E153C
:105100000400000000000008083E0808000000003D
:10511000000000000000000002020100000000008A
:10512000003F000000000000000000000000000040
:105130000002000000201010080804040202010010
:1051400000000E1111111111110E000000000406D3
:1051500004040404040E000000000E1111080402EF
:10516000011F000000000E11100C1010110E0000A5
:105170000000080C0C0A091F081C000000001F0199
:10518000010F1110110E000000000C12010D13117F
:10519000110E000000001E100808040404040000A2
:1051A00000000E11110E1111110E000000000E1161
:1051B000111916100906000000000000040000008C
:1051C00000040000000000000004000000040400CF
:1051D0000000100804020204081000000000000093
:1051E0003F003F000000000000000204081010080B
:1051F0000402000000000E11110804040004000065
:1052000000001C22292D2D1D221C0000000004047A
:105210000C0A0A1E1233000000000F12120E1212A6
:10522000120F000000001E1101010101110E00000B
:1052300000000F1212121212120F000000001F12B3
:105240000A0E0A02121F000000001F120A0E0A02B4
:105250000207000000001C1201013911120C0000AD
:1052600000003312121E12121233000000001F043D
:1052700004040404041F000000003E080808080895
:1052800008080907000037120A060A121237000040
:105290000000070202020202223F000000003B1B46
:1052A0001B1B15151535000000003B1216161A1AA7
:1052B0001217000000000E1111111111110E000043
:1052C00000000F12120E02020207000000000E1171
:1052D00011111117190E180000000F12120E0A12E8
:1052E0001237000000001E1101060810110F000007
:1052F00000001F1504040404040E00000000331213
:1053000012121212120C000000003312120A0A0CC0
:10531000040400000000151515150E0A0A0A000005
:1053200000001B0A0A04040A0A1B000000001B0AF2
:105330000A0A0404040E000000001F090804040205
:10534000121F00001C0404040404040404041C00D0
:105350000002020404040808081010000E080808DF
:105360000808080808080E00040A000000000000F1
:105370000000000000000000000000000000003FEE
:105380000204000000000000000000000000000017
:10539000000C121C123C000000030202020E12124A
:1053A000120E000000000000001C1202120C00008F
:1053B00000181010101C1212123C00000000000017
:1053C000000C121E021C000000182404041E040419
:1053D000041E000000000000003C120C021C221CF5
:1053E00000030202020E1212123700000004040031
:1053F00000060404040E000000080800000C080861
:105400000808080700030202021A0A060A1300002D
:105410000007040404040404041F0000000000004A
:10542000000F15151515000000000000000F1212E6
:105430001237000000000000000C1212120C0000D5
:1054400000000000000F1212120E02070000000000
:10545000001C1212121C103800000000001B060273
:105460000207000000000000001E020C101E0000D9
:1054700000000004041E0404041C000000000000DE
:10548000001B1212123C000000000000001B0A0A60
:1054900004040000000000000015150E0A0A0000B8
:1054A00000000000001B0A040A1B000000000000AE
:1054B000003312120C08040300000000001E080450
:1054C000041E000018080808080C0808080818003E
:1054D000080808080808080808080808060404045A
:1054E000040804040404060016090000000000007B
:1054F00000000000000000000000000000000000AC
:105500000000000000000008080808080808000063
:105510001818000000486C24120000000000000071
:10552000000000000000002424247F1212127F12C9
:10553000121200000000081C2A2A0A0C1828282A27
:105540002A1C080800000022251515152A58545455
:10555000542200000000000C1212120A76252911B4
:10556000916E000000060604030000000000000029
:10557000000000000040201010080808080808106B
:10558000102040000002040808101010101010082D
:10559000080402000000000008086B1C1C6B0808CF
:1055A0000000000000000000080808087F08080844
:1055B00008000000000000000000000000000000E3
:1055C000060604030000000000000000FE000000CA
:1055D00000000000000000000000000000000000CB
:1055E000060600000000804040202010100808043B
:1055F0000402020000000018244242424242424299
:1056000024180000000000080E0808080808080810
:10561000083E00000000003C4242422020100804E6
:10562000427E00000000003C4242201820404042E0
:10563000221C0000000000203028242422227E208A
:10564000207800000000007E0202021A264040423C
:10565000221C0000000000382402021A26424242A6
:10566000241800000000007E2222101008080808FC
:10567000080800000000003C424242241824424234
:10568000423C00000000001824424242645840405E
:10569000241C00000000000000001818000000009A
:1056A00018180000000000000000000800000000C2
:1056B000000808040000004020100804020408103C
:1056C000204000000000000000007F0000007F007C
:1056D0000000000000000002040810204020100814
:1056E000040200000000003C42424640201010002E
:1056F000181800000000001C225A555555552D421F
:10570000221C00000000000808181414243C224247
:1057100042E700000000001F2222221E22424242D5
:10572000221F00000000007C4242010101010142F1
:10573000221C00000000001F22424242424242421C
:10574000221F00000000003F4212121E12120242ED
:10575000423F00000000003F4212121E12120202DD
:10576000020700000000003C2222010101712122F9
:10577000221C0000000000E7424242427E424242B8
:1057800042E700000000003E080808080808080872
:10579000083E00000000007C1010101010101010C7
:1057A0001010110F0000007722120A0E0A121222A6
:1057B0002277000000000007020202020202020239
:1057C000427F000000000077363636362A2A2A2A21
:1057D0002A6B0000000000E346464A4A52525262D9
:1057E000624700000000001C22414141414141410B
:1057F000221C00000000003F424242423E020202E0
:10580000020700000000001C2241414141414D536C
:10581000321C60000000003F4242423E121222222F
:1058200042C700000000007C4242020418204042AF
:10583000423E00000000007F4908080808080808E8
:10584000081C0000000000E742424242424242423D
:10585000423C0000000000E74242222424141418B5
:10586000080800000000006B494949495555362297
:1058700022220000000000E74224241818182424E3
:1058800042E70000000000772222141408080808EC
:10589000081C00000000007E2120101008040442B3
:1058A000423F0000007808080808080808080808AF
:1058B00008087800000002020404080808101020FC
:1058C00020204040001E101010101010101010105A
:1058D00010101E000038440000000000000000000E
:1058E00000000000000000000000000000000000B8
:1058F000000000FF0006080000000000000000009B
:1059000000000000000000000000003C427844421B
:1059100042FC0000000000030202021A264242423A
:10592000261A0000000000000000003844020202B5
:105930004438000000000060404040784442424249
:1059400064D80000000000000000003C427E02021B
:10595000423C0000000000F08808087E08080808A3
:10596000083E0000000000000000007C22221C0213
:105970003C42423C000000030202023A46424242DC
:1059800042E700000000000C0C00000E08080808A8
:10599000083E0000000000303000003820202020A9
:1059A0002020221E0000000302020272120A1612B8
:1059B000227700000000000E080808080808080800
:1059C000083E0000000000000000007F92929292CA
:1059D00092B70000000000000000003B4642424237
:1059E00042E70000000000000000003C424242424A
:1059F000423C0000000000000000001B2642424222
:105A0000221E0207000000000000007844424242CB
:105A1000447840E000000000000000774C040404DB
:105A2000041F0000000000000000007C42023C4017
:105A3000423E0000000000000008083E0808080878
:105A400008300000000000000000006342424242B3
:105A500062DC000000000000000000E74224241483
:105A60000808000000000000000000EB49495555FF
:105A70002222000000000000000000762418181800
:105A8000246E000000000000000000E742242414FF
:105A900018080807000000000000007E2210080817
:105AA000447E000000C02020202020102020202044
:105AB0002020C00010101010101010101010101026
:105AC0001010101000060808080808100808080838
:105AD000080806000C32C2000000000000000000B0
:105AE00000000000000000000000000000000000B6
:105AF00000000000000000000000000000000000A6
:105B00000000000000000000000000000000000095
:105B100000000000000000000000000060006000C5
:105B20006000600060006000600040002000200015
:105B30002000000000000000600060006000000025
:105B400000000000000000006006600630039801BD
:105B50008800440000000000000000000000000079
:105B60000000000000000000000000000000000035
:105B70000000000000000000000000001002100201
:105B800010021002FE07FE070802080108010801C2
:105B90000801FE07FE0704010401040104010000DE
:105BA0000000000000000000000040004000F00184
:105BB00058034C03CC034C0058007000E000C001B7
:105BC000C00140034C035C034C034801F00040005B
:105BD0004000000000000000000000000E010A016B
:105BE000910091009100510051003A00AE03A002D3
:105BF000500450044804480448048402840300000C
:105C000000000000000000000000000038006C00F0
:105C10006C006C006C006C002C0098071C011A01D1
:105C2000330133016301E300C308C6093C070000E8
:105C300000000000000000000C001C00100010001C
:105C40000800040000000000000000000000000048
:105C50000000000000000000000000000000000044
:105C600000000000000000000004000200018000AD
:105C70008000400040002000200020002000200084
:105C80002000200040004000800080000001000251
:105C900000040000000000000200040008001000E2
:105CA0001000200020004000400040004000400064
:105CB00040004000200020001000100008000400F8
:105CC00002000000000000000000000000000000D2
:105CD0004000C0004000460C4E0FD001F0015E0FA6
:105CE000460C4000400040000000000000000000A2
:105CF00000000000000000000000000000000000A4
:105D0000000040004000400040004000FE0F400006
:105D10004000400040004000000000000000000083
:105D20000000000000000000000000000000000073
:105D30000000000000000000000000000000000063
:105D400000000000000000000C001C00100010000B
:105D50000800040000000000000000000000000037
:105D6000000000000000000000000000FE0700002E
:105D70000000000000000000000000000000000023
:105D80000000000000000000000000000000000013
:105D90000000000000000000000000000000000003
:105DA00000000000000000001C001C001C0000009F
:105DB00000000000000000000004000600020003D4
:105DC00000010001800080004000400060002000D1
:105DD000200010001000080008000C00040006005D
:105DE0000200000000000000000000000000F000C1
:105DF00098010C030C0306060606060606060606B0
:105E00000606060606060C030C039801F0000000C7
:105E10000000000000000000000000000000400042
:105E20007C00600060006000600060006000600056
:105E3000600060006000600060006000FC03000023
:105E40000000000000000000000000000000F8005A
:105E50008401020306030603000300018001C00061
:105E6000600020001000080204020602FE03000089
:105E700000000000000000000000000000007800AA
:105E8000C6008601860180018001C000700080018B
:105E9000000100030003060306038601F80000006A
:105EA0000000000000000000000000000000800171
:105EB0008001C001A001A001900188018801840136
:105EC0008201FE0F8001800180018001E007000057
:105ED0000000000000000000000000000000FC03C3
:105EE00004000400040004000400F4008C01040316
:105EF000000300030603060382018401F80000008A
:105F00000000000000000000000000000000E001B0
:105F100018030C030C0004000600E60116030E062D
:105F200006060606060604060C021803F00000002A
:105F30000000000000000000000000000000F80762
:105F40000C060402040100010001800080004000F2
:105F500040004000600060006000600060000000E1
:105F60000000000000000000000000000000F80138
:105F70000C030606060606060C021C03F000C80108
:105F80000C0306060606060606060C03F0010000D2
:105F90000000000000000000000000000000F00011
:105FA0000C010C03060206060606060606078C060A
:105FB00078060006000300030C018C017800000045
:105FC00000000000000000000000000000000000D1
:105FD0000000000000000000E000E000E000000021
:105FE0000000000000000000E000E000E000000011
:105FF00000000000000000000000000000000000A1
:1060000000000000000000006000600000000000D0
:106010000000000000000000000060006000400080
:10602000200020000000000000000000000400022A
:10603000000180004000200010000800040008005B
:106040001000200040008000000100020004000059
:106050000000000000000000000000000000000040
:106060000000000000000000FE070000000000002B
:10607000FE0700000000000000000000000000001B
:106080000000000000000000000000000400080004
:106090001000200040008000000100020004000207
:1060A00000018000400020001000080004000000F3
:1060B0000000000000000000000000000000E003FD
:1060C0001806040C040C0C0C0C0C0007800140009A
:1060D0004000400000000000E000E000E0000000A0
:1060E000000000000000000000000000E0001803B5
:1060F0000C02CC0564056605A605B604B604B60414
:10610000B604B602E4010C040C021803F00000000F
:10611000000000000000000000000000000060001F
:1061200060005000D00090009000880088010801B5
:10613000F801040304030402020202060F0F000028
:106140000000000000000000000000000000FE0051
:106150008C030C030C030C030C038C01FC000C03DC
:106160000C020C060C060C060C060C03FE010000CB
:106170000000000000000000000000000000E0033C
:1061800018030C060C0404040600060006000600B2
:106190000600060006040C040C021803F0000000C0
:1061A00000000000000000000000000000007F0070
:1061B0008C010C030C030C060C060C060C060C06DA
:1061C0000C060C060C060C030C038C017F0000006F
:1061D0000000000000000000000000000000FF03BD
:1061E000060306040604060086008600FE008600FC
:1061F000860086000600060406040602FF0300006F
:106200000000000000000000000000000000FF038C
:10621000060306040604060086008600FE008600CB
:106220008600860006000600060006001F0000002B
:106230000000000000000000000000000000F0006E
:1062400018010C020C0204020600060006000600FB
:10625000C60F060306030C030C031803F00000002E
:1062600000000000000000000000000000000F0F10
:10627000060606060606060606060606FE070606C5
:106280000606060606060606060606060F0F0000A8
:106290000000000000000000000000000000FC03FF
:1062A00060006000600060006000600060006000EE
:1062B000600060006000600060006000FC0300009F
:1062C0000000000000000000000000000000F807CF
:1062D000C000C000C000C000C000C000C000C000BE
:1062E000C000C000C000C000C000C000C000C600A8
:1062F00066003C0000000000000000000000CF032A
:106300008601C60046002600160036002E006E00EC
:106310004600C60086008601060106038F070000BE
:1063200000000000000000000000000000001F004E
:10633000060006000600060006000600060006002D
:10634000060006000600060406040602FF0300001D
:10635000000000000000000000000000000007072F
:10636000860386038E038E034E034E034A035A03AD
:106370005A033A0332033203320312038707000041
:1063800000000000000000000000000000008E0F70
:106390000C021C021C023402340264026402440235
:1063A000C402840284038403040304031F02000064
:1063B0000000000000000000000000000000F000ED
:1063C00098010C030C0206060606060606060606DB
:1063D0000606060606060C020C039801F0000000F3
:1063E0000000000000000000000000000000FF00AE
:1063F0000603060606060606060606068603FE00D1
:106400000600060006000600060006001F00000049
:106410000000000000000000000000000000F0008C
:1064200098010C030C02060606060606060606067A
:106430000606060676064C02CC039801F00080079B
:106440000003000000000000000000000000FF0149
:10645000060306060606060606060603FE004600B6
:10646000C600860086010603060306060F0E00001E
:106470000000000000000000000000000000F80222
:106480000C030602060206000E003C00F800E003C2
:10649000800300070206020606060C03F001000056
:1064A0000000000000000000000000000000FE07E7
:1064B00062046108610860006000600060006000C4
:1064C000600060006000600060006000F801000093
:1064D00000000000000000000000000000001E0797
:1064E0000C020C020C020C020C020C020C020C023C
:1064F0000C020C020C020C020C021801F00000004D
:1065000000000000000000000000000000000F0775
:106510000602040104010C010C01880088009800A7
:106520009800500050007000300020002000000053
:106530000000000000000000000000000000F70E56
:10654000620442044604460464026402E402E40273
:106550009C029C0198019801880188008800000035
:1065600000000000000000000000000000009E0786
:106570000C01080118019000B000600020006000CC
:106580006000D00090008801080104038E0700001D
:1065900000000000000000000000000000000F0FDD
:1065A000060404020C0208011801B800B0007000D3
:1065B000600060006000600060006000F8010000A2
:1065C0000000000000000000000000000000FC07C8
:1065D0000C02060302018001800040004000200000
:1065E00020001000180008040C040402FE03000040
:1065F0000000000000000000E00320002000200058
:10660000200020002000200020002000200020008A
:10661000200020002000200020002000200020007A
:10662000E00300000000000000000000040004007F
:10663000080008001000100010002000200040009A
:106640004000C00080008000000100010002000244
:1066500000020004000000007C00400040004000F8
:10666000400040004000400040004000400040002A
:10667000400040004000400040004000400040001A
:106680007C00000000006000900008010000000095
:1066900000000000000000000000000000000000FA
:1066A00000000000000000000000000000000000EA
:1066B00000000000000000000000000000000000DA
:1066C00000000000000000000000000000000000CA
:1066D00000000000000000000000000000000000BA
:1066E0000000FF0F00000000180060000000000024
:1066F000000000000000000000000000000000009A
:106700000000000000000000000000000000000089
:106710000000000000000000000000000000000079
:106720000000000000000000F0010C030C03000357
:10673000E0031C030E03060306038E0B7C0E000011
:1067400000000000000000000000000008000E0033
:106750000C000C000C000C00CC013C031C060C06C9
:106760000C060C060C060C060C021C03E4010000CF
:106770000000000000000000000000000000000019
:106780000000000000000000F0008C018C01860178
:1067900006000600060006020C020C01F0000000D4
:1067A0000000000000000000000000000002C00324
:1067B000000300030003000378038C030C030603AB
:1067C000060306030603060304038C077801000092
:1067D00000000000000000000000000000000000B9
:1067E0000000000000000000E001180308020C0691
:1067F0000C06FC070C000C0018041802E001000055
:106800000000000000000000000000000000C003C5
:106810006006300630003000FE01300030003000ED
:10682000300030003000300030003000FC0100004B
:106830000000000000000000000000000000000058
:106840000000000000000000F007D8068C018C0159
:106850008C019801F8000C00FC00CC030603060331
:106860008E03F800000000000000000008000E0089
:106870000C000C000C000C00EC011C030C030C03BE
:106880000C030C030C030C030C030C039E07000009
:106890000000000000000000000000000000600098
:1068A00060000000000040007C00600060006000AC
:1068B000600060006000600060006000FC03000099
:1068C0000000000000000000000000000000C00107
:1068D000C001000000000001F00180018001800182
:1068E00080018001800180018001800180018001A0
:1068F000CC007C00000000000000000008000E003A
:106900000C000C000C000C008C038C008C004C0064
:106910006C005C008C008C010C010C039E070000D5
:1069200000000000000000000000000040007C00AB
:106930006000600060006000600060006000600057
:10694000600060006000600060006000FC03000008
:106950000000000000000000000000000000000037
:1069600000000000000000003707EE06660666061D
:10697000660666066606660666066606FF0F000081
:106980000000000000000000000000000000000007
:106990000000000000000000EE011C030C030C03CB
:1069A0000C030C030C030C030C030C039E070000E8
:1069B00000000000000000000000000000000000D7
:1069C0000000000000000000F00098010C03060623
:1069D00006060606060606060C030C03F000000079
:1069E00000000000000000000000000000000000A7
:1069F0000000000000000000EE011C030C060C0665
:106A00000C060C060C060C060C031C03EC010C0017
:106A10000C003E000000000000000000000000002C
:106A2000000000000000000078028C030C03060345
:106A3000060306030603060304038C03780300031E
:106A40000003C0070000000000000000000000007C
:106A500000000000000000009F03580638061800E0
:106A6000180018001800180018001800FF00000097
:106A70000000000000000000000000000000000016
:106A80000000000000000000F0031C030C020C02D8
:106A90003800F000C003040304038C03FC01000071
:106AA00000000000000000000000000000000000E6
:106AB0002000200030003000FE01300030003000A7
:106AC000300030003000300030023002E0010000C1
:106AD00000000000000000000000000000000000B6
:106AE00000000000000008028E030C030C030C03DE
:106AF0000C030C030C030C030C039C07780100002F
:106B00000000000000000000000000000000000085
:106B100000000000000000001E070C020801080130
:106B200018019000B000B00060006000200000007C
:106B30000000000000000000000000000000000055
:106B40000000000000000000F70E6204460464022A
:106B50006402EC029C019801980198010800000071
:106B60000000000000000000000000000000000025
:106B70000000000000000000BC0718011001B00078
:106B800060006000E0009000080108039E0700001C
:106B900000000000000000000000000000000000F5
:106BA00000000000000000009E0708010801080125
:106BB00090009000B00060006000600020002000A5
:106BC00024001C0000000000000000000000000085
:106BD0000000000000000000FC018401C40044002B
:106BE000600020003000180208020C03FC010000C5
:106BF0000000000000000000000380008000800012
:106C00008000800080008000800040002000400064
:106C10008000800080008000800080008000800074
:106C200000030000400040004000400040004000E1
:106C30004000400040004000400040004000400054
:106C40004000400040004000400040004000400044
:106C500040004000000000000C0010001000100078
:106C60001000100010001000100020004000200054
:106C70001000100010001000100010001000100094
:106C80000C00000000001C002204C204800300006D
:106C900000000000000000000000000000000000F4
:106CA00000000000000000000000000000000000E4
:106CB00000000000000000000000000000000000D4
:106CC00000000000000000000000000000000000C4
:106CD00000000000000000000000000000000000B4
:106CE00000000000000000000000000000000000A4
:106CF0000000000000000000000000000000C001D3
:106D0000C001C001C001C001C001C00180008000FD
:106D100080008000800080008000000000000000F3
:106D200000008001C003C0038001000000000000DB
:106D300000000000000000000000E01CE01CF01E4D
:106D4000700E3807180308018400000000000000DE
:106D50000000000000000000000000000000000033
:106D60000000000000000000000000000000000023
:106D70000000000000000000000000000000000013
:106D800020102010201020102010FE7FFE7F100801
:106D9000100810081008100810081008FE7FFE7F69
:106DA00008040804080408040804000000000000A7
:106DB00000000000000000000000000000010001D1
:106DC000C0076019103118311839183938017001AD
:106DD000E001C0038007000F001D003900311C31A5
:106DE0001C310C310C11180DE007000100010001ED
:106DF0000000000000000000000000000000000093
:106E00001C1036186308630C630463046302630296
:106E10006301361D9C37802280634063406320639A
:106E20002063306310221836081C000000000000A8
:106E30000000000000000000000000000000000052
:106E4000F00098018C018C018C018C018C00CC002D
:106E50007800183E1C083608320863046304C30433
:106E6000C303834306438E26781C00000000000005
:106E7000000000000000000000001C003C003C007E
:106E80003000300010000C00060000000000000080
:106E900000000000000000000000000000000000F2
:106EA00000000000000000000000000000000000E2
:106EB0000000000000000000000000400020001062
:106EC0000008000C0004000600030003000380011A
:106ED0008001800180018001800180018001000328
:106EE0000003000300060006000C0008001000204C
:106EF0000040000000000000000002000400080044
:106F00001000300020006000C000C000C000800100
:106F10008001800180018001800180018001C0002A
:106F2000C000C000600060003000100008000400D5
:106F3000020000000000000000000000000000004F
:106F40000000000000018003800300011C713C79F7
:106F5000783DC0070001C007783D3C791C710001F5
:106F6000800380038001000000000000000000009A
:106F70000000000000000000000000000000000011
:106F800000000000000000010001000100010001FC
:106F900000010001FC7F000100010001000100016F
:106FA00000010001000000000000000000000000DF
:106FB00000000000000000000000000000000000D1
:106FC00000000000000000000000000000000000C1
:106FD00000000000000000000000000000000000B1
:106FE000000000001C003C003C003000300010009D
:106FF0000C0006000000000000000000000000007F
:107000000000000000000000000000000000000080
:1070100000000000FE7F00000000000000000000F3
:107020000000000000000000000000000000000060
:107030000000000000000000000000000000000050
:107040000000000000000000000000000000000040
:107050000000000000000000000000000000000030
:10706000000018003C003C00180000000000000078
:107070000000000000000000000000400060002050
:107080000030001000180008000C00040006000288
:107090000003000180018000C0004000600020006B
:1070A00030001000180008000C0004000600020068
:1070B00000000000000000000000000000000000D0
:1070C000C007600C30181830183018200C600C60A5
:1070D0000C600C600C600C600C600C600C60182084
:1070E000183018303018600CC00700000000000095
:1070F0000000000000000000000000000000000090
:1071000000018001F801800180018001800180017F
:107110008001800180018001800180018001800167
:10712000800180018001C003F81F00000000000002
:10713000000000000000000000000000000000004F
:10714000E007101C0818043004300C300C300030FC
:107150000018000800040002000180004000202008
:10716000102008200430FC1FFC1F0000000000005D
:10717000000000000000000000000000000000000F
:10718000E003180E0C0C0C180C180C180018000C4E
:107190000006C003000E00180010003000300C3054
:1071A0000C300C100C18180CE0030000000000005C
:1071B00000000000000000000000000000000000CF
:1071C000000C000E000E000F800E800E400E600EB0
:1071D000200E100E100E080E040E040EFE7F000E80
:1071E000000E000E000E000E000EC07F000000001A
:1071F000000000000000000000000000000000008F
:10720000F03FF03F10001000100008000800C80711
:10721000280C1818081000300030003000300C30F6
:107220000C3004180418080CF003000000000000E3
:10723000000000000000000000000000000000004E
:10724000800FC010203010301800180008000C000B
:107250008C0F6C183C301C600C600C600C600C6077
:107260001860182030306018C007000000000000CF
:10727000000000000000000000000000000000000E
:10728000F83FF83F1C100C08040804040004000236
:107290000002000100010001800080008000C000A9
:1072A000C000C000C000C000C0000000000000001E
:1072B00000000000000000000000000000000000CE
:1072C000E007300C18180C300C300C301C3038181B
:1072D0007008E007B007180E0C1C063806300630A0
:1072E000063006300C18180CE00300000000000007
:1072F000000000000000000000000000000000008E
:10730000E00318040C080C1806100630063006308E
:10731000063006380C3C1836F031003000180018E2
:1073200000180C0C0C060C03F0010000000000001B
:10733000000000000000000000000000000000004D
:1073400000000000000000000000000000008001BC
:10735000C003C00380010000000000000000000026
:1073600000008001C003C003800100000000000095
:10737000000000000000000000000000000000000D
:107380000000000000000000000000000000C0003D
:10739000C00000000000000000000000000000002D
:1073A000000000000000C000C0008000800040001D
:1073B000400000000000000000000000000000206D
:1073C000001000080004000600038001C0006000F7
:1073D000300018000C00180030006000C000800170
:1073E0000003000600040008001000200000000058
:1073F000000000000000000000000000000000008D
:107400000000000000000000000000000000FE7FFF
:1074100000000000000000000000FE7F00000000EF
:10742000000000000000000000000000000000005C
:107430000000000000000000000000000000040048
:107440000800100020006000C0008001000300065A
:10745000000C001800300018000C0006000380012A
:10746000C0006000200010000800040000000000C0
:107470000000000000000000000000000000C00745
:107480003018083008600C601C601C601C60003004
:10749000001C0006000180008000800080000000C9
:1074A00000008001C003C003800100000000000054
:1074B00000000000000000000000000000000000CC
:1074C000C0076018103018200C2F8C4D864CC64C0D
:1074D000C64C664C66446644662666266615CC1C19
:1074E0000C40082018303018C007000000000000D1
:1074F000000000000000000000000000000000018B
:10750000C001C001C001400160032003200320032B
:107510003006100610061006F80F080C080C080CB0
:107520000C0C0418041806181F7C00000000000052
:10753000000000000000000000000000000000004B
:10754000FE07181C18381830183018301830181862
:10755000180CF807181818301820186018601860F0
:107560001860186018301818FE0F000000000000A6
:10757000000000000000000000000000000000000B
:10758000C0276038103018200C400C400400060062
:1075900006000600060006000600060006000C4075
:1075A0000C400C2018303018C0070000000000000C
:1075B00000000000000000000000000000000000CB
:1075C000FE03180E1818183018301830186018609C
:1075D000186018601860186018601860186018301B
:1075E000183018101818180EFE03000000000000D4
:1075F000000000000000000000000000000000008B
:10760000FE3F183018201860184018001808180895
:10761000180CF80F180C1808180818001800180093
:107620001840184018201830FE3F000000000000ED
:10763000000000000000000000000000000000004A
:10764000FE7F1870184018C0188018001810181005
:107650001818F81F1818181018101800180018001B
:1076600018001800180018007E000000000000003C
:10767000000000000000000000000000000000000A
:10768000C013701C101018100C200C2004000600F1
:10769000060006000600060006FC063006300C3028
:1076A0000C30183018303008C0070000000000000F
:1076B00000000000000000000000000000000000CA
:1076C0003F7E0C180C180C180C180C180C180C1801
:1076D0000C180C18FC1F0C180C180C180C180C1893
:1076E0000C180C180C180C183F7E0000000000004D
:1076F000000000000000000000000000000000008A
:10770000F81F8001800180018001800180018001DB
:107710008001800180018001800180018001800161
:107720008001800180018001F81F0000000000003E
:107730000000000000000000000000000000000049
:10774000E07F0006000600060006000600060006B0
:1077500000060006000600060006000600060006F9
:107760000006000600060006000600060E060E03D0
:107770008E01FC000000000000000000000000007E
:107780007E7C1818180818041806180218019801A9
:107790009801D801B803380318071806180E180CFA
:1077A000181C1818183018307EFC0000000000006B
:1077B00000000000000000000000000000000000C9
:1077C0007E00180018001800180018001800180093
:1077D00018001800180018001800180018001800E9
:1077E0001840184018201830FE3F0000000000002C
:1077F0000000000000000000000000000000000089
:107800001FF81C381C381C381C3C343434343434D5
:10781000343674326432643264326431C431C43117
:10782000C431C430C43084309FFC0000000000002C
:107830000000000000000000000000000000000048
:107840001F7C1C103C103410341074106410E410B1
:10785000C410C41184118413041304170416041EE5
:10786000041C041C041C04181F1800000000000065
:107870000000000000000000000000000000000008
:10788000C003300C181808100C300C30066006606D
:1078900006600660066006600660066006600C20F2
:1078A0000C3008101818300CC00300000000000055
:1078B00000000000000000000000000000000000C8
:1078C000FE0F1818183018601860186018601860DB
:1078D00018301818F80F18001800180018001800B1
:1078E00018001800180018007E00000000000000BA
:1078F0000000000000000000000000000000000088
:10790000C003300C18180C100C300C2006600660F8
:107910000660066006600660066006600660E46158
:107920002C331C321816300EC007004C007C003877
:107930000000000000000000000000000000000047
:10794000FE07181C1838183018301830183018185E
:10795000180CF80798031803180718061806180ECD
:10796000180C180C181C18187E7800000000000075
:107970000000000000000000000000000000000007
:10798000E027303818300C200C200C000C001800B8
:107990007800E003800F001E003800700060046073
:1079A0000460086018303818C80F0000000000009C
:1079B00000000000000000000000000000000000C7
:1079C000FC3F8C21846182418241800180018001E1
:1079D000800180018001800180018001800180019F
:1079E0008001800180018001E007000000000000AC
:1079F0000000000000000000000000000000000087
:107A00003F7C0C100C100C100C100C100C100C10F7
:107A10000C100C100C100C100C100C100C100C1086
:107A20000C100C1008083804E003000000000000EF
:107A30000000000000000000000000000000000046
:107A40003EF8182018201820301030103010301058
:107A5000600860086008E00CC004C004C004800333
:107A6000800380038003000100010000000000008B
:107A70000000000000000000000000000000000006
:107A8000DFF38661862186218C210C218C238C13C7
:107A90008C138C134C1358125816580E380E380E7F
:107AA000380E300C10041004100400000000000018
:107AB00000000000000000000000000000000000C6
:107AC0007E3E180838083004300470026002E0017D
:107AD000C001C0018001800340034007200620064A
:107AE000100C100C081808183E7C00000000000064
:107AF0000000000000000000000000000000000086
:107B00007E7C1C10181018083008300C70046004BB
:107B10006002C002C002C0018001800180018001BA
:107B20008001800180018001E0070000000000006A
:107B30000000000000000000000000000000000045
:107B4000F83F18180818040C040E0006000700037C
:107B500080038001C001C000E000600070003000C0
:107B6000382018201C100C18FE1F00000000000018
:107B700000000000000000000000C03F4000400086
:107B800040004000400040004000400040004000F5
:107B900040004000400040004000400040004000E5
:107BA0004000400040004000400040004000C03F16
:107BB00000000000000000000000000000000800BD
:107BC0001800180010003000200060006000400025
:107BD000C000800080018001000100030002000657
:107BE00000060004000C0008001800180010003007
:107BF00000200000000000000000FC030002000262
:107C00000002000200020002000200020002000264
:107C10000002000200020002000200020002000254
:107C20000002000200020002000200020002FC0347
:107C3000000000000000000000008007C0062008CF
:107C40001010000000000000000000000000000014
:107C50000000000000000000000000000000000024
:107C60000000000000000000000000000000000014
:107C70000000000000000000000000000000000004
:107C800000000000000000000000000000000000F4
:107C900000000000000000000000000000000000E4
:107CA00000000000000000000000000000000000D4
:107CB0000000FFFF0000000000007800C00000018D
:107CC00000000000000000000000000000000000B4
:107CD00000000000000000000000000000000000A4
:107CE0000000000000000000000000000000000094
:107CF0000000000000000000000000000000000084
:107D00000000000000000000000000000000F00380
:107D100018060C0C0C0C000C800F700C1C0C0C0CBE
:107D2000060C060C064C0C4FF83800000000000052
:107D30000000000000000000000000000000100033
:107D40001E00180018001800180018001800180F5E
:107D5000D8183830386018601860186018601860DB
:107D60001860182038307818C8070000000000009C
:107D70000000000000000000000000000000000003
:107D80000000000000000000000000000000C0072C
:107D9000700C181818180C180C000C000C000C00B3
:107DA0000C20182018103008C00700000000000048
:107DB00000000000000000000000000000000010B3
:107DC000001E001800180018001800180018E01B0A
:107DD000301C181818180C180C180C180C180C1843
:107DE0000C180818181C307AE00900000000000088
:107DF0000000000000000000000000000000000083
:107E00000000000000000000000000000000C007AB
:107E1000300C181808100C300C30FC3F0C000C0013
:107E20000C00182018107018C00700000000000097
:107E30000000000000000000000000000000000042
:107E4000003E80C380C0C0C0C000C000C000FC1F96
:107E5000C000C000C000C000C000C000C000C00022
:107E6000C000C000C000C000F80F0000000000000B
:107E70000000000000000000000000000000000002
:107E80000000000000000000000000000000C077BB
:107E9000306C10181818181818181018300CF00733
:107EA00018001800F00FF03F08700C600C600C60B8
:107EB0003838E00F00000000000000000000100053
:107EC0001E00180018001800180018001800980F5D
:107ED000D81838301830183018301830183018309A
:107EE00018301830183018307EFC000000000000F8
:107EF0000000000000000000000000000000000082
:107F00008003800380030000000000000001F801EE
:107F10008001800180018001800180018001800159
:107F20008001800180018001F81F00000000000036
:107F30000000000000000000000000000000000041
:107F40000038003800380000000000000010801FDA
:107F50000018001800180018001800180018001861
:107F60000018001800180018001800180018180C45
:107F70001806F003000000000000000000001000E0
:107F80001E00180018001800180018001800183EED
:107F9000180C1806180318019801D801380318079F
:107FA0001806180C181C18187E7C00000000000031
:107FB00000000000000000000000000000000001C0
:107FC000F801800180018001800180018001800131
:107FD0008001800180018001800180018001800199
:107FE0008001800180018001F81F00000000000076
:107FF0000000000000000000000000000000000081
:108000000000000000000000000000000800EE1C5E
:108010009C338C318C318C318C318C318C318C3166
:108020008C318C318C318C31DE7B00000000000003
:108030000000000000000000000000000000000040
:1080400000000000000000000000000010001E0FF3
:10805000D818383018301830183018301830183018
:1080600018301830183018307EFC00000000000076
:108070000000000000000000000000000000000000
:108080000000000000000000000000000000C00729
:10809000701C103018300C600C600C600C600C60B0
:1080A0000C60183018303018C007000000000000C5
:1080B00000000000000000000000000000000000C0
:1080C00000000000000000000000000010009E0FF3
:1080D0005818383018201860186018601860186038
:1080E00018601830383078189807180018001800F1
:1080F00018007E00000000000000000000000000EA
:108100000000000000000000000000000000C0238C
:10811000303C183818300C300C300C300C300C302F
:108120000C3008301838303CE0330030003000307C
:10813000003000FC00000000000000000000000013
:1081400000000000000000000000000060007E3C15
:1081500060666061E000E000600060006000600058
:108160006000600060006000FE070000000000008A
:1081700000000000000000000000000000000000FF
:108180000000000000000000000000000000E027E8
:1081900030381830182018007000E003800F001CE1
:1081A000043004300C301C18EC0F000000000000FC
:1081B00000000000000000000000000000000000BF
:1081C00000000000800080008000C000E000FC1F74
:1081D000C000C000C000C000C000C000C000C0009F
:1081E000C000C020C0208011000F0000000000006F
:1081F000000000000000000000000000000000007F
:1082000000000000000000000000000010201E3CE4
:10821000183018301830183018301830183018301E
:1082200018301830183830F4E01300000000000057
:10823000000000000000000000000000000000003E
:1082400000000000000000000000000000007E3C74
:1082500018181808380830043004700260026002F0
:10826000E001C001C001C00080000000000000006B
:1082700000000000000000000000000000000000FE
:108280000000000000000000000000000000DFF718
:108290008E630C238C238C2398139813581658162E
:1082A000700E700E700E200420040000000000000C
:1082B00000000000000000000000000000000000BE
:1082C0000000000000000000000000000000FC3E74
:1082D00070087004E004C002C001800380034007FE
:1082E0006006200C100C18183E7E000000000000F4
:1082F000000000000000000000000000000000007E
:1083000000000000000000000000000000007E7C73
:108310001818180830083008300460046004C002DF
:10832000C002C002800180018001800080008000C6
:108330004C003C00000000000000000000000000B5
:108340000000000000000000000000000000FC1F12
:108350000C0C040E0406000380038001C000E00042
:108360007020302038301C18FC1F00000000000076
:1083700000000000000000000000003000080004C1
:1083800000040004000400040004000400040004CD
:108390000004000280010002000400040004000444
:1083A00000040004000400040004000400040008A9
:1083B0000030000000010001000100010001000187
:1083C00000010001000100010001000100010001A5
:1083D0000001000100010001000100010001000195
:1083E0000001000100010001000100010001000185
:1083F000000100010000000000000C00100020003F
:10840000200020002000200020002000200020006C
:1084100020004000800140002000200020002000BB
:10842000200020002000200020002000200010005C
:108430000C00000000003800C400864002610022E9
:10844000001C000000000000000000000000000010
:10845000000000000000000000000000000000001C
:10846000000000000000000000000000000000000C
:1084700000000000D6D0200020002000FE032202D1
:1084800022022202FE032202200020002000BEB0B1
:10849000FC010401FC010401FC012000FF070401B0
:1084A000FC01200024013202D4B0FE070204FA04C9
:1084B00002040204FE05520452044A058605020421
:1084C000FE07B5E710001000FF0111011101FF01C7
:1084D00011011101FF0111041004E007D7D30000BE
:1084E000FC018000400020002000FF072000200049
:1084F000200020003800D6D080008000800080005E
:10850000FC1F84108410841084108410FC1F8410BD
:108510008000800080008000BEB0F80F0808F80FCF
:108520000808F80F8000FF7F0000F80F080808080F
:10853000F80F80008410A2204000D4B00000FE3F5D
:108540000220F22702200220FA2F222122212221BA
:10855000122912290A2E0220FE3F0220B5E78000D0
:1085600080008000FC1F841084108410FC1F841085
:1085700084108410FC1F845080408040007FD7D33B
:108580000000FE1F00080004000280018000FF7F41
:10859000800080008000800080008000A0004000FB
:1085A000D6D00000000000000018000008000008FD
:1085B00000000800080818F8FF1F18081818081805
:1085C000180818180818180818180818F8FF1F08AD
:1085D0000808000800000800000800000800001853
:1085E00000001800001800000000BEB000000000ED
:1085F0000000400006C0FF07400006C0FF07400023
:1086000006C0FF07400802003000FEFF3F000000E8
:10861000C0FF07C00002C00002C00002C0FF03800C
:10862000100080110160100E3010180C1E30001C5C
:1086300000000000D4B0000000000000080030F886
:10864000FF1F08001008C010083F100800100800A5
:1086500010080013C8FF100822100822100822106A
:1086600008221008211208211488601648C0132817
:108670000010080010F8FF1F080010000000B5E708
:1086800000000000000000180000080000080000C2
:108690000800F0FF0F100804100804100804100868
:1086A00004F0FF0710080410080410080410080460
:1086B000F0FF071008000008100008100008200054
:1086C000183000F01F000000D7D3000000000000A9
:1086D000000004F0FF0F00000600000100C00000D1
:1086E0002800001800001800001830FEFF7F001856
:1086F0000000180000180000180000180000180002
:10870000001800001800001800001F00000C0000F6
:108710000000CFC2000000000000000000000000C8
:10872000000000080000001CFCFFFF1F00C000004C
:1087300000C0000000C0000000C0000000C0000039
:1087400000C0000000C0010000C00E0000C03800E2
:1087500000C0F00000C0C00100C0800300C00003E2
:1087600000C0000300C0000000C0000000C0000006
:1087700000C0000000C0000000C0000000C00000F9
:1087800000C0000000C0000000C000000040000069
:1087900000000000C9CF0000000000000000004001
:1087A000000000C0010000C0000000C0000000C0C8
:1087B000000000C0000000C0000000C0000000C0B9
:1087C000000000C0000000C0000300C0FF0700C0A0
:1087D000000000C0000000C0000000C0000000C099
:1087E000000000C0000000C0000000C0000000C089
:1087F000000000C0000000C0000000C0000000C079
:10880000000000C00018FCFFFF3F00000000000057
:10881000000000000000D2BB0000000000000000CB
:108820000000000000000000000000000000000048
:108830000000000000000000000000000000000038
:108840000000000000000000000000000000000C1C
:10885000FCFFFF3F000000000000000000000000DF
:108860000000000000000000000000000000000008
:1088700000000000000000000000000000000000F8
:1088800000000000000000000000000000000000E8
:108890000000000000000000D5C50000000000003E
:1088A000000000000100000C0700FC1F0300000C8A
:1088B0000306000C030E000C0307000C8301000CE0
:1088C000C300000C6300F00F1300100C0B0010002D
:1088D00007001800031818F8FF3F18041300FC0FD6
:1088E00013000806130000062300000623000006FC
:1088F00043000002C300000283010002830300035F
:1089000063070003131E08030F7CF0010708C00073
:1089100003004000000000000000460000000000CE
:108920000000000000000000000000000000000047
:108930000000000000000000000000000000000037
:108940000000000000000000000000000000000027
:108950000000000000000000000000000000000017
:108960000000000000000000000000000000000007
:1089700000000000000000000000000000000000F7
:1089800000000000000000000000000000000000E7
:1089900000000000000000000000000000000000D7
:1089A00000000000000000000000000000000000C7
:1089B00000000000000000000000000000000000B7
:1089C00000000000000000000000000000000000A7
:1089D0000000000000000000000000000000000097
:1089E0000000000000000000000000000000000087
:1089F0000000000000000000000000000000000077
:108A00000000000000000000000000F0FFFFFFFF7A
:108A1000FFFFFF3F00F0FFFFFFFFFFFFFF3F00F002
:108A2000FFFFFFFFFFFFFF3F0000F0FF030000E03C
:108A3000FF7F0000E0FF01000000FF7F0000C0FF9B
:108A400000000000F8FF0000C0FF00000000E0FF91
:108A50000000C0FF0000000080FF0000C0FF000019
:108A6000000000FF0100C0FF0000000000FE010048
:108A7000C0FF0000000000FC0300C0FF0000000079
:108A800000F80300C0FF0000000000F00300C0FF7A
:108A90000000000000E00700C0FF0000000000C070
:108AA0000700C0FF0000000000800F00C0FF0000B2
:108AB000000000000F00C0FF0000000000000F00D9
:108AC000C0FF0000000000001E00C0FF000000000A
:108AD00000000000C0FF0000000000000000C0FF18
:108AE0000000000000000000C0FF000000000000C7
:108AF0000000C0FF0000000000000000C0FF0000F8
:108B0000000000000000C0FF0000000000000000A6
:108B1000C0FF0000000000000000C0FF00000000D7
:108B200000000000C0FF000000000F000000C0FFB8
:108B3000000000000F000000C0FF000000000F0058
:108B40000000C0FF000000000F000000C0FF000098
:108B500000000F000000C0FF000000000F00000038
:108B6000C0FF000000000F000000C0FF00000080F8
:108B70000F000000C0FF000000800F000000C0FFD9
:108B8000000000C00F000000C0FF000000E00F0068
:108B90000000C0FF000000F00F000000C0FF000058
:108BA00000FE0F000000C0FFFFFFFFFF0F000000EE
:108BB000C0FFFFFFFFFF0F000000C0FFFFFFFFFF30
:108BC0000F000000C0FF000000FE0F000000C0FF0B
:108BD000000000F80F000000C0FF000000E00F00E0
:108BE0000000C0FF000000C00F000000C0FF000038
:108BF00000C00F000000C0FF000000800F00000058
:108C0000C0FF000000800F000000C0FF0000000057
:108C10000F000000C0FF000000000F000000C0FFB8
:108C2000000000000F000000C0FF000000000F0067
:108C30000000C0FF000000000F000000C0FF0000A7
:108C400000000F000000C0FF000000000F00000047
:108C5000C0FF000000000F000000C0FF0000000087
:108C600000000000C0FF0000000000000000C0FF86
:108C70000000000000000000C0FF00000000000035
:108C80000000C0FF0000000000000000C0FF000066
:108C9000000000000000C0FF000000000000000015
:108CA000C0FF0000000000000000C0FF0000000046
:108CB00000000000C0FF0000000000000000C0FF36
:108CC0000000000000000000C0FF000000000000E5
:108CD0000000C0FF0000000000000000C0FF000016
:108CE000000000000000C0FF0000000000000000C5
:108CF000C0FF0000000000000000C0FF00000000F6
:108D000000000000C0FF0000000000000000C0FFE5
:108D10000000000000000000C0FF00000000000094
:108D20000000C0FF0000000000000000C0FF0000C5
:108D3000000000000000C0FF000000000000000074
:108D4000C0FF0000000000000000C0FF00000000A5
:108D500000000000E0FF0000000000000000E0FF55
:108D60000100000000000000F8FF07000000000004
:108D700000F0FFFFFF030000000000F0FFFFFF0313
:108D80000000000000F0FFFFFF03000000000000F3
:108D900000000000000000000000000000000000D3
:108DA00000000000000000000000000000000000C3
:108DB00000000000000000000000000000000000B3
:108DC00000000000000000000000000000000000A3
:108DD0000000000000000000000000000000000093
:108DE0000000000000000000000000000000000083
:108DF0000000000000000000000000000000000073
:108E00000000000000000000000000000000000062
:108E10000000000000000000000000000000000052
:108E20000000000000000000000000000000000042
:108E30000000000000000000000000000000000032
:108E40000000000000000000000000000000000022
:108E50000000000000000000000000000000000012
:108E6000004F0000000000000000000000000000B3
:108E700000000000000000000000000000000000F2
:108E800000000000000000000000000000000000E2
:108E900000000000000000000000000000000000D2
:108EA00000000000000000000000000000000000C2
:108EB00000000000000000000000000000000000B2
:108EC00000000000000000000000000000000000A2
:108ED0000000000000000000000000000000000092
:108EE0000000000000000000000000000000000082
:108EF0000000000000000000000000000000000072
:108F00000000000000000000000000000000000061
:108F10000000000000000000000000000000000051
:108F20000000000000000000000000000000000041
:108F30000000000000000000000000000000000031
:108F4000000000000000000000000000FEFF000024
:108F50000000000000C0FFFF0F000000000000F84C
:108F6000FFFF3F000000000000FE3FF8FF00000090
:108F7000000000FF0300FF0300000000C0FF00002E
:108F8000FC0700000000E03F0000F00F00000000C0
:108F9000F01F0000E01F00000000F80F0000C03FBD
:108FA00000000000FC070000807F00000000FE03BE
:108FB000000000FF00000000FF01000000FE0100B3
:108FC0000080FF01000000FE030000C0FF00000061
:108FD00000FC070000C07F00000000FC070000E06C
:108FE0007F00000000F80F0000E03F00000000F8E4
:108FF0000F0000F03F00000000F01F0000F83F00ED
:10900000000000F03F0000F81F00000000F03F00EB
:1090100000FC1F00000000E07F0000FC0F000000CB
:1090200000E07F0000FC0F00000000E07F0000FE79
:109030000F00000000E0FF0000FE0F00000000C075
:10904000FF0000FF0700000000C0FF0100FF070055
:10905000000000C0FF0100FF0700000000C0FF018A
:1090600000FF0700000000C0FF0180FF07000000B4
:109070000080FF0380FF030000000080FF0380FFEB
:10908000030000000080FF0380FF03000000008059
:10909000FF0380FF030000000080FF07C0FF030004
:1090A00000000080FF07C0FF030000000080FF07F2
:1090B000C0FF030000000080FF07C0FF03000000A6
:1090C0000080FF07C0FF030000000000FF07C0FF93
:1090D000030000000000FF07C0FF030000000000C5
:1090E000FF07C0FF030000000000FF0FC0FF0300E8
:1090F00000000000FF0FC0FF030000000000FF0F92
:10910000C0FF030000000000FF0FC0FF03000000CD
:109110000000FF0FC0FF030000000000FF0FC0FFB2
:10912000030000000000FF0FC0FF0300000000006C
:10913000FF0FC0FF030000000000FF0FC0FF03008F
:1091400000000000FF07C0FF030000000000FF0751
:10915000C0FF030000000000FF07C0FF0300000085
:109160000000FF07C0FF030000000080FF07C0FFF2
:10917000030000000080FF07C0FF03000000008024
:10918000FF0780FF030000000080FF0780FF03004F
:1091900000000080FF0780FF030000000080FF0345
:1091A00080FF030000000080FF0380FF0700000035
:1091B0000080FF0300FF070000000080FF0300FFA6
:1091C000070000000080FF0100FF0700000000C052
:1091D000FF0100FE0700000000C0FF0100FE0700C5
:1091E000000000C0FF0100FE0F00000000C0FF00F3
:1091F00000FC0F00000000C0FF0000FC0F0000009A
:1092000000E07F0000FC0F00000000E07F0000F89D
:109210001F00000000E07F0000F81F00000000F0C9
:109220003F0000F03F00000000F03F0000E03F0082
:10923000000000F01F0000E03F00000000F80F00F9
:1092400000C07F00000000F80F0000807F000000D9
:1092500000FC07000080FF00000000FC030000008D
:10926000FF01000000FE03000000FE01000000FFFF
:1092700001000000FC03000000FF00000000F807F0
:109280000000807F00000000F00F0000C03F0000E1
:109290000000E01F0000E01F00000000C03F0000D1
:1092A000F80F0000000000FF0000FC0300000000B9
:1092B00000FE0300FF010000000000F81FF07F0027
:1092C0000000000000E0FFFF1F0000000000008021
:1092D000FFFF0300000000000000F83F0000000056
:1092E000000000000000000000000000000000007E
:1092F000000000000000000000000000000000006E
:10930000000000000000000000000000000000005D
:10931000000000000000000000000000000000004D
:10932000000000000000000000000000000000003D
:10933000000000000000000000000000000000002D
:10934000000000000000000000000000000000001D
:10935000000000000000000000000000000000000D
:1093600000000000000000000000000000000000FD
:1093700000000000000000000000000000000000ED
:1093800000000000000000000000000000000000DD
:1093900000000000000000000000000000000000CD
:1093A000000000000000000043000000000000007A
:1093B00000000000000000000000000000000000AD
:1093C000000000000000000000000000000000009D
:1093D000000000000000000000000000000000008D
:1093E000000000000000000000000000000000007D
:1093F000000000000000000000000000000000006D
:10940000000000000000000000000000000000005C
:10941000000000000000000000000000000000004C
:10942000000000000000000000000000000000003C
:10943000000000000000000000000000000000002C
:10944000000000000000000000000000000000001C
:10945000000000000000000000000000000000000C
:1094600000000000000000000000000000000000FC
:1094700000000000000000000000000000000000EC
:1094800000000000000000000000000000000000DC
:10949000000000E0FF1F00100000000000FEFFFFC2
:1094A000011800000000C0FFFFFFFF1F00000000C8
:1094B000F0FF01FFFF3F00000000FC1F00E0FF3F46
:1094C00000000000FF030000FF3F00000080FF01DC
:1094D0000000FC3F000000E07F000000F87F00007B
:1094E00000F03F000000F07F000000F81F000000C7
:1094F000C07F000000FC0F000000807F000000FE25
:109500000700000000FF000000FF0300000000FF54
:10951000000080FF0100000000FE000080FF01004D
:10952000000000FC0000C0FF0000000000F8010087
:10953000E07F0000000000F80100E07F0000000074
:1095400000F00100F03F0000000000F00100F83FD3
:109550000000000000E00300F83F0000000000E011
:109560000300FC1F0000000000C00300FC1F0000FF
:10957000000000C00300FE0F0000000000C000005B
:10958000FE0F0000000000000000FE0F00000000C1
:1095900000000000FF070000000000000000FF07BF
:1095A0000000000000000080FF0700000000000035
:1095B0000080FF070000000000000080FF030000A3
:1095C000000000000080FF0300000000000000C059
:1095D000FF0300000000000000C0FF0300000000C7
:1095E000000000C0FF0300000000000000C0FF01F9
:1095F00000000000000000C0FF01000000000000AB
:1096000000C0FF0100000000000000E0FF010000BA
:109610000000000000E0FF0100000000000000E08A
:10962000FF0100000000000000E0FF01000000005A
:10963000000000E0FF0100000000000000E0FF016A
:1096400000000000000000E0FF010000000000003A
:1096500000E0FF0100000000000000E0FF0100004A
:109660000000000000E0FF0100000000000000E03A
:10967000FF0100000000000000E0FF01000000000A
:10968000000000E0FF0100000000000000E0FF011A
:1096900000000000000000E0FF01000000000000EA
:1096A00000E0FF0100000000000000E0FF010000FA
:1096B0000000000000E0FF0100000000000000C00A
:1096C000FF0100000000000000C0FF0300000000D8
:1096D000000000C0FF0300000000000000C0FF0306
:1096E00000000000000000C0FF03000000000000B8
:1096F00000C0FF030000000000000080FF03000026
:10970000000000000080FF07000000000000008053
:10971000FF070000000000000080FF0700000000BD
:1097200000800000FF070000000000C00300FF0FE2
:109730000000000000C00300FF0F0000000000C098
:109740000300FE0F0000000000E00100FE1F00000B
:10975000000000E00100FE1F0000000000F001001A
:10976000FC1F0000000000F00000FC3F00000000B3
:1097700000F80000F83F0000000000780000F87FCB
:1097800000000000007C0000F07F00000000003EB0
:109790000000E0FF00000000001E0000E0FF0100EC
:1097A0000000001F0000C0FF01000000800F00004B
:1097B00080FF03000000C007000000FF070000005A
:1097C000F003000000FE0F000000F801000000FCA4
:1097D0003F000000FC00000000F8FF0000007F00D8
:1097E000000000E0FF0300C03F00000000C0FF1FBA
:1097F00000FC1F0000000000FFFFFFFF070000004B
:109800000000FCFFFFFF010000000000F0FFFF7FF1
:1098100000000000000080FFFF1F000000000000AB
:1098200000F0FF0100000000000000000000000048
:109830000000000000000000000000000000000028
:109840000000000000000000000000000000000018
:109850000000000000000000000000000000000008
:1098600000000000000000000000000000000000F8
:1098700000000000000000000000000000000000E8
:1098800000000000000000000000000000000000D8
:1098900000000000000000000000000000000000C8
:1098A00000000000000000000000000000000000B8
:1098B00000000000000000000000000000000000A8
:1098C0000000000000000000000000000000000098
:1098D0000000000000000000000000000000000088
:1098E0000000000000000000000000000000000078
:1098F00010990008000000201C0000002A4D0008FC
:109900002C9900081C000020CC0700003A4D0008EC
:109910000000000000000000000000001000000037
:0C99200001000000000000000024F40022
:04000005080001D915
:00000001FF
