:020000040801F1
:1000000050080020F1010108734C0108C3420108A7
:10001000714C01081B0B0108F55B01080000000092
:10002000000000000000000000000000E74F010891
:100030008D0B010800000000C14D0108E94F0108C7
:100040000B0201080B0201080B0201080B02010858
:100050000B0201080B0201080B0201080B02010848
:100060000B0201080B0201080B0201081D0B01081D
:100070000B0201080B0201080B0201080B02010828
:100080000B0201080B020108810801080B0201089C
:100090000B0201080B0201080B0201080B02010808
:1000A0000B020108715001080B0201080B02010844
:1000B0000B0201080B0201080B0201080B020108E8
:1000C0000B0201080B0201080B0201080B020108D8
:1000D0000B0201080B0201080B020108E95B010891
:1000E0000B0201080B0201080B0201080B020108B8
:1000F0000B0201080B0201080B0201080B020108A8
:100100000B0201080B0201080B0201080B02010897
:100110000B0201080B0201087D50010889500108FB
:100120000B0201080B0201080B0201080B02010877
:100130000B0201080B0201080B0201080B02010867
:100140000B0201080B0201080B0201080B02010857
:100150000B0201080B0201080B0201080B02010847
:100160000B0201080B0201080B0201080B02010837
:100170000B0201080B0201080B0201080B02010827
:100180000B0201080B0201080B0201080B02010817
:100190000B020108000000000B0201080B0201081D
:1001A0000B0201080B0201080B0201080B020108F7
:1001B0000B0201080B0201080B0201080B020108E7
:1001C0000B0201080B0201080B0201080B020108D7
:1001D0000B0201080B020108DFF810D000F03EFB13
:1001E0000048004701650108AFF300805008002077
:1001F0000648804706480047FEE7FEE7FEE7FEE7C1
:10020000FEE7FEE7FEE7FEE7FEE7FEE755500108E2
:10021000D90101082DE9F05F0546002092469B4672
:1002200088460646814640241BE02846414647460C
:10023000224600F0BEF953465A46C01A914110D3E7
:1002400011461846224600F0A5F92D1A67EB010861
:100250004F4622460120002100F09CF917EB0009CF
:100260004E41201EA4F10104DFDC484631462A46F7
:100270004346BDE8F09F40EA01039B0703D009E035
:1002800008C9121F08C0042AFAD203E011F8013B82
:1002900000F8013B521EF9D27047D2B201E000F8DB
:1002A000012B491EFBD270470022F6E710B513461A
:1002B0000A4604461946FFF7F0FF204610BD2DE917
:1002C000FE4F804681EA0300C00F0C46009021F0EB
:1002D000004123F00045B8EB0200A94105D2404699
:1002E000214690461C460B46024623F00040104330
:1002F00047D0270DC7F30A00C3F30A510290401AF2
:10030000019040286BDAC3F3130040F4801B00987F
:10031000924620B10023D2EB030A63EB0B0B01984A
:100320005946C0F14002504600F034F906460D46E9
:1003300050465946019A00F04CF910EB0800614113
:10034000002487EA115284EAE7731A4340D0009AE6
:1003500062B3019A012A4FEA075215DC001B61EBD8
:1003600002014FF0004202EA0752CDE90042001CB0
:1003700041F5801132462B4600F083F903B0BDE809
:10038000F08F40462146F9E7001B61EB0201001C9B
:1003900041F5801300185B412018A2F5001747EBC8
:1003A000030140EAD570B6196D4111E06D084FEABE
:1003B000360645EAC0754FEA0752001B61EB0201A1
:1003C000001C41F5801149084FEA300000195141E5
:1003D00032462B4603B0BDE8F04F00F043B9009819
:1003E000012240000023D0EB020263EBE07300988F
:1003F00021464FEAE074B8EB000061EB0401E9E745
:1004000083F000435BE781F0004158E72DE9FE4FA0
:1004100081EA030404F0004421F0004100944FF00D
:10042000000B23F0004350EA01045ED052EA0304BB
:100430005BD0C3F30A54C1F30A552C44A4F2F3343D
:100440000194A0FB0254C1F3130141F48011C3F3E2
:10045000130343F4801301FB024400FB034E840AA0
:10046000970A44EA815447EA8357A4FB0768029538
:100470008D0A05FB07854FEA932C04FB0C542705D6
:10048000029D4FEA065847EA1637B5EB08056EEBB2
:10049000070C870E920E47EA811742EA8312A7FBE8
:1004A0000201B6EB0B0164EB00042B0D43EA0C33A5
:1004B0005E1844EB1C50DA465146E7FB0201C5F3D7
:1004C00013044FEA0B3343EA14534FEA0432019CFE
:1004D00043EA0603A4F10C040294009CCDE900B4A5
:1004E00000F0CFF803B0BDE8F08F00200146F9E737
:1004F0000EB540F2334102910021CDE900110A46C8
:100500000B4600F0BEF803B000BD00F0004230F032
:1005100000400AD0C10D01F56071C0F3160042EA37
:100520000151C2084007114370470020014670473F
:1005300001F0004330B421F0004150EA010206D03E
:100540000A0DA2F56072C1F31301002A02DC30BC6F
:1005500000207047440F44EAC104C100E01830BCD9
:1005600000EBC25000F047B830B50B460146002002
:100570002022012409E021FA02F59D4205D303FA65
:1005800002F5491B04FA02F52844151EA2F10102E6
:10059000F1DC30BD202A04DB203A00FA02F1002011
:1005A00070479140C2F1200320FA03F319439040B1
:1005B0007047202A04DB203A21FA02F0002170471C
:1005C00021FA02F3D040C2F12002914008431946BB
:1005D0007047202A06DBCB17203A41FA02F043EAA3
:1005E000E07306E041FA02F3D040C2F120029140EC
:1005F0000843194670470029A8BF7047401C4900AE
:1006000008BF20F00100704710B4B0FA80FC00FA77
:100610000CF050EA010404BF10BC704749B1CCF1A2
:10062000200421FA04F411FA0CF118BF012121432E
:100630000843A3EB0C01CB1D4FEA00614FEA1020E9
:1006400042BF002010BC704700EBC350104400298B
:10065000A4BF10BC7047401C490008BF20F0010037
:1006600010BC704710B5141E73F1000408DA401C6A
:1006700041F1000192185B411A4301D120F00100C1
:1006800010BD2DE9F04D92469B4611B1B1FA81F2B1
:1006900002E0B0FA80F220329046FFF77BFF04467A
:1006A0000F4640EA0A0041EA0B0153465A46084306
:1006B00013D0114653EA010019D0C8F14002504648
:1006C000FFF777FF05460E46504659464246FFF76C
:1006D00061FF084305D0012004E020463946BDE80B
:1006E000F08D0020054346EAE0762C4337430A9814
:1006F0006305E40AA0EB08000022FD0A44EA47541F
:100700000A3002D500200146E9E7010510196941C8
:10071000DDE9084500196941BDE8F04DA2E72DE982
:10072000F04D81EA030404F0004B21F0004514462B
:100730004FF0000A23F0004150EA050220D054EAAD
:1007400001021DD0C5F30A570246C5F31303C1F3D6
:100750001300C1F30A5640F4801543F48013A7EB4D
:100760000608101BD64608F2FD3873EB050002D3CD
:1007700008F1010801E092185B41B8F1000F03DABB
:1007800000200146BDE8F08D00204FF480110646A0
:1007900084460EE0171B73EB050705D3121B63EBB2
:1007A000050306434CEA010C49084FEA3000921851
:1007B0005B4150EA0107EDD152EA030012D082EA10
:1007C000040083EA0501084305D0101BAB4106D2A3
:1007D0000122002306E000224FF0004302E06FF008
:1007E000010253101AEB06004CEB085110EB0A0003
:1007F00041EB0B01BDE8F04DFFF734BFC1F30A52E6
:10080000C1F3130140F2FF3341F480119A4202DA3E
:1008100000200146704740F233439A42A2F233422D
:1008200002DC5242FFF7C5BEFFF7B4BE30B5041E6E
:1008300071F1000404DB4FF00044404264EB01011D
:10084000141E73F1000405DB1C464FF000435242B6
:1008500063EB0403994208BF904230BD064C074D3C
:1008600006E0E06840F0010394E807009847103480
:10087000AC42F6D3FFF7B4FC8CB00108ACB0010871
:1008800010B5044800F08EFFBDE81040024800F0AB
:1008900089BF000074000020E00000202DE9F04135
:1008A000044600270D46006803F002FF0646206854
:1008B00003F0F6FE30435DD02068C1682E4E8901FA
:1008C00005D5617F012902D1217F01290BD0022D9D
:1008D0001DD0206803F0ECFEB8B120688168C1F338
:1008E000400169B111E00125244902E08F4232D272
:1008F0007F1C0268D2435206F8D440210160E8E729
:100900008168314041F010018160012D11D02068D3
:1009100003F0C6FE48B120688168C1F3400121B9E7
:100920008168314041F020018160022D08D0032D03
:1009300004D0042501F0E8FD064617E00C25F9E790
:100940000825F7E701F0E0FD801B05280ED9206897
:10095000806828420AD0E06D40F01000E065206E0B
:1009600040F0010020660120BDE8F0812068806829
:100970002842E7D10020F7E7C0FFFF7F000040A337
:1009800070B50446006881688268C1F3400112F0C6
:10099000010F28D039BB816801F00D01012914D164
:1009A0008168124A1140891C816021680320086017
:1009B00001F0AAFD054612E001F0A6FD401B022849
:1009C0000DD920688068C00709D0E06D40F01000A4
:1009D000E065206E40F001002066012070BD2068B7
:1009E0008068C007E8D1002070BD0000C0FFFF7F15
:1009F000F8B50446002000902068816811F0010FCE
:100A00004AD18168254A114237D18168D5432940AE
:100A1000491C81602068B0F1A04F02D02049884273
:100A200001D1204800E02048806800F0E07000021A
:100A30000DD51E481E490068B0FBF1F0401C00EBCC
:100A40004000800000E0401E00900028FBD101F033
:100A50005BFD06461BE0816811F0010F03D1816840
:100A60002940491C816001F04FFD801B02280ED9EE
:100A700020680068C043C00709D0E06D40F0100056
:100A8000E065206E40F0010020660120F8BD20687E
:100A90000168C943C907DED10020F8BD3F000080CE
:100AA0000001005000030050000700501800002013
:100AB000400D03000FB4202110B588B06846259C76
:100AC000FFF7F2FB0620CDE9004000207F21CDE9B1
:100AD00002010421CDE9041069460AA800F026FCB1
:100AE00008B100F054F80AA801F0E8F908B100F0E4
:100AF0004EF84FF0FF310AA801F040F908B100F0BC
:100B000046F80AA800F04AFE84B20AA801F072FA78
:100B100008B0204610BC5DF814FBFEE7014801F068
:100B2000F9BA0000140200200D4902688A4201D27D
:100B30000C4901E00B492031D2B21423083AB2FB30
:100B4000F3F2436C02F01F0223F0030319448164A3
:100B500004498031C1640121914001657047000062
:100B600008040240000802400179074A02EB8102B2
:100B70004265054A4432491E826501F01F02012187
:100B80009140C16570470000FC080240704772B692
:100B9000FEE770472DE9F84F4FF000090446CDF805
:100BA00000900D4694F85820DFF8EC8361694F46B9
:100BB0004846012A0AD00126F84A84F8586041B113
:100BC000296A012905D0A36EEBB129E00220BDE816
:100BD000F88F6868092838D1A96A4FF4785041B174
:100BE0002B6801F07C0100EA53400843E96A08439E
:100BF00002E0296800EA51402368D96C11400143A2
:100C0000D964606621E0C4E91971A96A286A31B122
:100C100001F07C01401E0843E96A084300E0401EE1
:100C200029682B79C1F3846103F01F0399400143C4
:100C3000A06E401EA066636E43EA0103636604D1A2
:100C40002168C86C10401843C864206803F02CFD6C
:100C500058B995F8250098B12068C16895F8262004
:100C600021F4401141EA4251C160206803F024FDA3
:100C70008246206803F018FD5AEA00000DD0FCE01F
:100C800095F8260095F82410400540EA01512068A7
:100C9000C26822F440121143E6E7A86A30B1E86A5C
:100CA00020B195F8250001285ED003E095F82500D5
:100CB000012804D02068C16821F0007103E0206899
:100CC000C16841F00071C16095F83000012852D030
:100CD0002068016921F002010161AA682968206881
:100CE000B2F1004F38D003F002FD2068416921F0D5
:100CF0000041416120686969C268C2F3C1025200C3
:100D000091402A69042A45D000EB82002B68026ECC
:100D1000DFF88CC203F0F84302EA0C020B431A43DB
:100D200042F00041016620682A69A96900EB82004F
:100D3000026E22F080720A430266297F22682869C7
:100D4000012924D05FF0000102EB8000026E22F046
:100D500000720A43026690E0002203F0C8FC20689B
:100D6000416941F00041C4E7E06D40F02000E065DA
:100D70004FF00109A8E7D5E90D01084321680A6988
:100D800022F4FF7242F0020210430861A5E74FF01F
:100D90000071D9E7002103F07DFC400320684FF08B
:100DA000000172D003F076FC90FAA0F0B0FA80F166
:100DB000286842036ED090FAA0F0B0FA80F0814229
:100DC00004D100221146206803F0A8FC012120680C
:100DD00003F060FC400320684FF001015DD003F098
:100DE00059FC90FAA0F0B0FA80F12868420359D07B
:100DF00090FAA0F0B0FA80F0814204D100220121E3
:100E0000206803F08BFC0221206803F043FC4003C0
:100E100020684FF0020148D003F03CFC90FAA0F0AB
:100E2000B0FA80F12868420344D090FAA0F0B0FAFA
:100E300080F0814204D100220221206803F06EFC80
:100E40000321206803F026FC400320684FF00301D3
:100E500033D003F01FFC90FAA0F0B0FA80F12868BC
:100E600042032FD090FAA0F0B0FA80F0814204D172
:100E700000220321206803F051FC2068816811F0F2
:100E8000010F22D0B5E000E004E003F003FCC0F362
:100E900084618DE7C0F3846091E703F0FBFBC0F34E
:100EA0008461A2E7C0F38460A6E703F0F3FBC0F31C
:100EB0008461B7E7C0F38460BBE703F0EBFBC0F3EA
:100EC0008461CCE7C0F38460D0E72A7B296850F8BE
:100ED000B03FC1F3120C23EA0C0302F0180C314AA4
:100EE00022FA0CF20A4013430360E96841457DD1C0
:100EF000286841031BD090FAA0F1B1FA81F1491C96
:100F000001F01F0109294FEA403131D8002911D0E1
:100F100090FAA0F1B1FA81F101F1010101F01F0194
:100F200006FA01F609D100BFC0F3846109E0C0F3FD
:100F30008461E4E7C0F38461EEE790FAA0F1B1FACE
:100F400081F101F1010101F01F0146EA816102D145
:100F5000C0F3846003E090FAA0F0B0FA80F000F1F2
:100F6000010000F01F0000EB400041EA00513AE0B0
:100F700000290ED090FAA0F1B1FA81F101F101013E
:100F800001F01F0106FA01F60ED100BFC0F3846123
:100F90000EE0C0F38461F1E700007F4000401004E0
:100FA00000F0FF03FFFF070090FAA0F1B1FA81F112
:100FB00001F1010101F01F0146EA816102D1C0F394
:100FC000846003E090FAA0F0B0FA80F000F1010034
:100FD00000F01F003A4A00EB400002EB005041EAEB
:100FE000000141F00071AA68206800E001E003F010
:100FF0007EFB34482B6803425ED022684FF0A04C41
:101000003148324E324D624501D0AA4201D10146EB
:1010100000E031468968DFF8BC8001F0E0714345AB
:1010200003D0DFF8B480434520D15FEA01281DD406
:10103000624505D0294B9A423ED1AA4200D03046A3
:1010400041F40001826822F0E0720A438260244881
:1010500024490068B0FBF1F0801C00EB40008000E8
:1010600000E0401E00900028FBD125E0DFF87880EA
:1010700043450FD15FEAC1180CD4AA4202D11B4BE1
:101080009A4219D0624502D0AA4200D0304641F0BF
:1010900080710CE0DFF8588043450DD14B020BD432
:1010A000AA4209D0624500D0304641F480018268EE
:1010B00022F0E0720A43826084F85870484686E560
:1010C000000020FE000008800003005000070050D0
:1010D00000010050000021C31000C0900006005025
:1010E00018000020400D0300000052C7000500500A
:1010F000000084CB70B5050047D02868B0F1A04F40
:1011000043D10921284600F047F8204C616B084480
:10111000606340F20F11284600F03EF8A16B0844CE
:10112000A06340F21521284600F036F8E16B084430
:10113000E06340F21B31284600F02EF8216C421883
:1011400022642078401CC0B220700A281DD3616B35
:101150000A20B1FBF0F30E490B60A36BB3FBF0F375
:101160004B60E36BB3FBF0F3B2FBF0F0C1E902308C
:1011700000206063A063E06320642070BDE87040DD
:1011800001225103034801F0B9B970BD1C000020D1
:10119000EC030020000800480068A1F580710F39B9
:1011A0000ED0B1F5837F08D0B1F5037F02D0D0F81F
:1011B00080007047D0F88C007047D0F888007047E6
:1011C000D0F8840070477047704770472DE9F04FA2
:1011D000044690F858009BB00F464FF0000B0128D2
:1011E00012D0012084F8580000261796189620681F
:1011F0004FF0A048DFF81C91DFF81CA1474D404597
:1012000006D12846009508E002201BB0BDE8F08F0B
:1012100048450AD15046CDF800A003F04DFA0090A1
:10122000206803F049FA40B109E0E06D40F0200089
:10123000E06584F858600120E7E7009850B1E06D60
:1012400040F02000E0654FF0010B00BF84F85860CB
:101250005846DAE720684146884201D0A84201D1C9
:101260002F4800E02F48D7F800C02F4B40F61F72E0
:10127000BCF1000F2DD0D0F808C094F838802CF4C1
:10128000604C4CEA483CD7F804804CEA080CC0F8A3
:1012900008C0D4F800C08C4501D0AC4504D18968A1
:1012A000AB6801F0010109E0D9F80810DAF808503C
:1012B00001F0010105F001059B68294303F00103DA
:1012C0001943C3D1BB6839681943836893431943F1
:1012D0001DE0876827F46047876027688F4201D048
:1012E000AF4204D18968AB6801F0010109E0D9F887
:1012F0000810DAF8085001F0010105F001059B68BB
:10130000294303F001031943A0D18168914381600F
:101310009CE7000000040050000500500001005050
:101320000003005000070050000600502DE9F84F60
:1013300000270446009790F85800DFF81C840D46FB
:10134000B946012811D0012684F85860206803F0BE
:10135000AFF960B1E06D40F02000E0655FF001079B
:1013600084F858903846BDE8F88F0220FBE7D5E9AD
:1013700000210C23206803EA91131844036B01F049
:101380001F014FF01F0C0CFA01FCC2F3846223EA28
:101390000C038A4013430363206803F089F98246F3
:1013A000206803F07DF95AEA00003CD1AA68296858
:1013B0002068B2F1004F37D003F08AF92068416904
:1013C00021F00041416120686969C268C2F3C1022D
:1013D000520091402A69042A31D000EB82002B6828
:1013E000026EDFF878C303F0F84302EA0C020B4305
:1013F0001A4342F00041016622682869A96902EB9C
:101400008000026E22F080720A430266297F226801
:101410002869012910D0002102EB8000026E22F021
:1014200000720A4302667DE0002203F051F9206851
:10143000416941F00041C5E74FF00071ECE7002140
:1014400003F022F9400320684FF0000172D003F04E
:101450001BF990FAA0F0B0FA80F1286842036ED030
:1014600090FAA0F0B0FA80F0814204D10022114637
:10147000206803F04BF90121206803F005F94003CF
:1014800020684FF001015DD003F0FEF890FAA0F063
:10149000B0FA80F12868420359D090FAA0F0B0FA6F
:1014A00080F0814204D100220121206803F02EF94E
:1014B0000221206803F0E8F8400320684FF00201A1
:1014C00048D003F0E1F890FAA0F0B0FA80F1286873
:1014D000420344D090FAA0F0B0FA80F0814204D1E7
:1014E00000220221206803F011F90321206803F093
:1014F000CBF8400320684FF0030133D003F0C4F869
:1015000090FAA0F0B0FA80F1286842032FD090FA48
:10151000A0F0B0FA80F0814204D1002203212068BB
:1015200003F0F4F82068816811F0010F22D0ACE0DC
:1015300000E004E003F0A8F8C0F384618DE7C0F395
:10154000846091E703F0A0F8C0F38461A2E7C0F3E0
:101550008460A6E703F098F8C0F38461B7E7C0F3AE
:101560008460BBE703F090F8C0F38461CCE7C0F37C
:101570008460D0E72A7B296850F8B03FC1F3120C91
:1015800023EA0C0302F0180C754A22FA0CF20A4006
:1015900013430360E968414577D1286841031CD0B3
:1015A00090FAA0F1B1FA81F1491C01F01F0109295B
:1015B0004FEA403132D8002912D000BF90FAA0F192
:1015C000B1FA81F101F1010101F01F0106FA01F602
:1015D00009D100BFC0F3846109E0C0F38461E3E78F
:1015E000C0F38461EEE790FAA0F1B1FA81F101F164
:1015F000010101F01F0146EA816102D1C0F384605C
:1016000003E090FAA0F0B0FA80F000F1010000F0E1
:101610001F0000EB400041EA005132E000290ED0EB
:1016200090FAA0F1B1FA81F101F1010101F01F017D
:1016300006FA01F606D100BFC0F3846106E0C0F3EC
:101640008461F1E790FAA0F1B1FA81F101F10101B1
:1016500001F01F0146EA816102D1C0F3846003E01A
:1016600090FAA0F0B0FA80F000F1010000F01F0045
:101670003C4A00EB400002EB005041EA000141F01F
:101680000071AA68206803F023F837482B680342EA
:101690003FF466AE21684FF0A04C3448344E354DCF
:1016A000614501D0A94201D1024600E0324692686C
:1016B000DFF8C48002F0E072434503D0DFF8BC805D
:1016C000434521D15FEA02281ED4614506D02C4B48
:1016D00099427FF445AEA94200D0304642F4000161
:1016E000826822F0E0720A43826026482649006838
:1016F000B0FBF1F0401C00EB4000800000E0401E19
:1017000000900028FBD12BE6DFF8808043450FD105
:101710005FEAC2180CD4A94202D11D4B9942F2D003
:10172000614502D0A94200D0304642F080710CE001
:10173000DFF860804345E6D15302E4D4A942E2D009
:10174000614500D0304642F48001826822F0E072A8
:101750000A43826004E6000000007F4000F0FF03BF
:10176000FFFF0700000020FE00000880000300507B
:101770000007005000010050000021C31000C0907D
:101780000006005018000020400D0300000052C762
:1017900000050050000084CB704770470068006C63
:1017A000704700002DE9F84F044600680668456858
:1017B0004FF0A048DFF89092404501D0484501D154
:1017C000A24800E0A248806800F01F07B0070ED5CD
:1017D000A8070CD5E06DC00603D4E06D40F40060AE
:1017E000E0652046FFF7D5F9216802200860DFF8A0
:1017F00064B2DFF864A2700701D5680703D430072C
:101800003FD528073DD5E06DC00603D4E06D40F418
:101810000070E065206802F053FF60B3206848451F
:1018200001D1424604E0584501D1524600E002464B
:10183000824208D03FB1052F05D0092F03D048457B
:1018400003D1414606E0C16805E0584501D1514643
:1018500000E00146C96889040DD4016809070AD56A
:1018600002F026FF58B3E06D40F01000E065206EF6
:1018700040F0010020662046FFF78EFF21680C2013
:101880000860B00601D5A80603D470065FD56806C7
:101890005DD5E06DC00603D4E06D40F40050E06516
:1018A0002068C16C11F4C07F1AD00021009102F0B1
:1018B00007FF02462068484514D1434617E02068D8
:1018C000416821F00C014160E06D20F48070E0651A
:1018D000E06DC004CFD4E06D40F00100E065CAE7E0
:1018E0000121E3E7584501D1534600E00346834216
:1018F00008D03FB1062F05D0072F03D0484503D1AC
:10190000414606E0C16805E0584501D1514600E076
:101910000146C968009BA3B18B0102D58AB18A0434
:101920000FD4026852060CD589020AD402F0B8FE20
:10193000F0B3E06D40F01000E065206E40F0010073
:1019400020662046FFF7D6FB21686020086030063D
:101950000BD5280609D5E06D40F48030E0652046BF
:1019600000F094F9216880200860F0050CD5E805A6
:101970000AD5E06D40F40030E0652046FFF724FC16
:1019800021684FF480700860B0050CD5A8050AD511
:10199000E06D40F48020E0652046FFF716FC2168EA
:1019A0004FF400700860F00631D5E8062FD500E04E
:1019B00009E0E06BE8B12068EFB3404501D048454D
:1019C00012D1224811E02068416821F06001416095
:1019D000E06D20F48050E065E06DC005B1D4E06DAD
:1019E00040F00100E065ACE71948806800F4604011
:1019F00050B1E06D40F48060E065206E40F0020080
:101A000020662046FFF7C9FE216810200860700597
:101A100017D5680515D5E06D40F48040E065206E6F
:101A200040F00800206621684FF48060086020467E
:101A3000BDE8F84F00E001E0FFF7C5BBC068C00794
:101A4000D6E7BDE8F88F0000000100500003005009
:101A5000000700500005005000040050F8B54FF09A
:101A6000000504002E46009502D0E06D10B107E09D
:101A70000120F8BD204600F00BF9266684F8586076
:101A800020688168C1F3407119B18168734A1140BF
:101A9000816020688168C1F3007189B98168704AEA
:101AA000114041F0805181606E486F490068B0FB81
:101AB000F1F04000801C00E0401E00900028FBD1A7
:101AC00020688168C1F3007141B9E16D41F01001F6
:101AD000E165216E41F001012166012502F0E8FD7A
:101AE000E16DC90600D430B1E06D40F01000E06552
:101AF00001252846F8BDE06D20F4807040F002001A
:101B0000E0652068816811F0010F27D14FF0A043F4
:101B1000564A984201D0904204D19968966801F0E3
:101B200001010AE052498968524E01F00101B6688C
:101B300006F001063143504EB66806F00106314307
:101B40000CD1984201D0904201D14C4800E04C4861
:101B50006168826822F47C120A438260E168E06B6B
:101B6000627F0843A16841EA4231084394F8241097
:101B700040EA0140012904D1218D424A02EB414152
:101B80000843E16A29B101F47871226B014342EA0A
:101B900001002268D1683C4B19400143D1602068A4
:101BA0000169626B21F0406111430161206802F01C
:101BB00077FD70BB207F94F838102268800340EADC
:101BC0004100D16844F2020399430143D160206986
:101BD0000028206801690AD041F480310161206841
:101BE00050F8C01F22696FF30D01114307E021F483
:101BF00080310161206850F8C01F6FF30D01016052
:101C000094F8400001280CD02068016921F00101FE
:101C10000161606901282068016B21F00F0111D07A
:101C200013E0D4E911010843D4E913121143084326
:101C300021680A6940F2FC739A43104340F00100A6
:101C40000861E6E7226A521E11430163E06D20F04D
:101C5000020040F00100E0654BE70000C0FFFF5FBD
:101C6000C0FFFF7F18000020400D0300000100505E
:101C70000004005000050050000600500003005012
:101C8000000700500000FEFF0740F0FF7047000013
:101C9000F0B59BB00446142115A8FEF705FB5421AE
:101CA0006846FEF701FB4FF40041206800268A03D6
:101CB0002E4D03272E4CB0F1A04F10D02D4B984243
:101CC00052D168461192009100F01CFD08B1FEF758
:101CD0005EFF2868401C2860012825D02CE068465B
:101CE0001192009100F00EFD08B1FEF750FF286838
:101CF000401C2860012807D1E06C40F40050E064EB
:101D0000E06C00F400501A90E06C40F00100E064D8
:101D1000E06C179600F001001A900F20CDE915072E
:101D200015A94FF0904015E0E06C40F40050E064DD
:101D3000E06C00F400501A90E06C40F00400E064A5
:101D4000E06C179600F004001A903720CDE91507D3
:101D500015A9094800F0AEFA00221146122000F041
:101D600039FC122000F028FC1BB0F0BD0800002058
:101D70000010024000010050000800482DE9F04723
:101D80000446884600684FF0A0454749474BDFF8B6
:101D90002091A84201D0484501D10A4600E01A46E8
:101DA000926802F01F06A269082A14D0AEB1052E6F
:101DB00013D0092E11D0A84202D0484500D01946B0
:101DC000886800F4604058B1E06D40F02000E065A4
:101DD0000120BDE8F087082703E0C068C007F2E7EC
:101DE000042700F091FB824619E000BFB8F1FF3FE5
:101DF00015D000F089FBA0EB0A01414502D8B8F1EB
:101E0000000F0CD120680068384208D1E06D40F026
:101E10000400E065002084F858000320D9E720681A
:101E200000683842E2D0E06D40F40070E065206860
:101E300002F046FC80B1607F70B92068006800073E
:101E40000AD5E06D20F48070E065E06DC00403D435
:101E5000E06D40F00100E0652068164A164B4845E9
:101E600001D12C4604E0904201D11C4600E004461A
:101E700084420AD04EB1052E07D0092E05D0484520
:101E800006D0904203D11D4602E0C16801E005463C
:101E9000E968082F05D0490401D40C210160002015
:101EA00097E70821FAE70000000300500007005000
:101EB0000001005000050050000400502DE9F041E1
:101EC000044600684FF0A045444FA84201D0B842F4
:101ED00001D1434900E04349896801F01F0602F03F
:101EE000E7FB18B102210846BDE8F08194F85800DC
:101EF00001280CD0012084F858002046FEF778FD18
:101F000001004FF0000204D084F85820EBE70220D3
:101F1000EAE7E06D40F60163984340F48070E065C5
:101F20002068314BDFF8C4C0B84201D1AE4604E0AE
:101F3000984201D1E64600E08646864500D02EB99B
:101F4000D4F85CE02EF4801EC4F85CE0D4F85CE0C9
:101F50005FEACE4E06D5D4F860E02EF0060EC4F847
:101F600060E000E022664FF01C0EC0F800E084F84C
:101F700058202068B84201D12A4604E0984201D195
:101F8000624600E0024682420ED06EB1052E0BD0B2
:101F9000092E09D0E26D42F48012E265B84213D0F6
:101FA000984210D165460FE0C268920105D5E26DF6
:101FB00022F4005242F48052E26582680C4B1A40CF
:101FC000121D82608FE70546E86880018BD5E06DC1
:101FD00020F4005040F48050E06584E70001005098
:101FE000000300500007005000050050000400509E
:101FF000C0FFFF7F10B5044690F85800012808D0B4
:10200000012084F8580003212046FEF747FC10B158
:102010000BE0022010BD2046FEF7B2FC28B9E16DAE
:1020200021F4885141F00101E165002184F8581044
:1020300010BD10B590F8253000210122022B03D0ED
:102040000421C163012122E003681C6824F00E040E
:102050001C60836C1C6824F480741C6003681C681A
:1020600024F001041C6090F84430046C03F01F035A
:1020700002FA03F36360D0E913345C60436D33B15B
:102080001C6824F480741C60D0E916345C6080F80D
:102090002520002280F82420084610BD70B590F855
:1020A0002520002401212346022A07D00422C263EE
:1020B00080F8251080F82430012429E00268156892
:1020C00025F00E0515600268156825F001051560FC
:1020D000826C156825F48075156090F84420056CB5
:1020E00002F01F0201FA02F26A60D0E9132555607E
:1020F000426D32B1156825F480751560D0E916255A
:10210000556080F8251080F82430816B01B1884734
:10211000204670BDF0B4016C0C6801680D6890F841
:10212000442002F01F06042202FA06F3234211D0D3
:102130006B070FD50B689B0603D40B6823F00403D1
:102140000B6090F8441001F01F018A40016C4A6056
:10215000016B1DE0022303FA06F727424FF0000C43
:102160004FF0010218D0AF0716D50C68A40605D4AD
:102170000C6824F00A040C6080F8252090F84410C4
:1021800001F01F018B40016C4B6080F824C0C16AD4
:1021900000291AD0F0BC08470823B340234214D0CA
:1021A0002B0712D50B6823F00E030B6090F8441038
:1021B000036C01F01F0102FA01F15960C26380F85B
:1021C000252080F824C0416BE2E7F0BC7047000096
:1021D00070B504000CD02B4A21681420914209D21A
:1021E000294A0A44B2FBF0F08000606427480AE004
:1021F000012070BD234A52420A44B2FBF0F0800035
:102200006064204808382064022084F825000A68A9
:1022100047F6F0708243D4E902031843D4E9043549
:102220002B431843A3691843E3691843236A1843EF
:10223000104308602046FEF777FCA0680025B0F543
:10224000804F00D16560A16C20790860D4E913014A
:1022500041606068401E032808D82046FEF784FCD1
:10226000606D0560D4E91601416002E06565A56511
:10227000E565E563012084F8250084F824500020FA
:1022800070BD000008040240F8FFFDBF00000240DE
:1022900070B5044600F038F90546601C02D00448C9
:1022A0004068044400F030F9401BA042FAD370BDEE
:1022B0000C0000202DE9F04FDFF8209200230126CA
:1022C0000324A9F1040B85B00F2709F1040AABF12F
:1022D000040EFAE006FA03F52A407CD091F804C017
:1022E0000CF0030CBCF1010F02D0BCF1020F26D19F
:1022F000D0F808C0CDF800C04FEA430C04FA0CF83F
:10230000CDF810C0DDF800C02CEA080CCDF800C0F4
:10231000D1F80C80DDF810C008FA0CF8DDF800C028
:1023200048EA0C08C0F80880D0F804C02CEA050C74
:102330000D79C5F300159D4045EA0C0545600D7902
:10234000ED43AD070ED0C5684FEA430804FA08FC18
:1023500025EA0C05D1F808C00CFA08FC4CEA050C7B
:10236000C0F80CC00D7905F00305022D16D1DD086B
:1023700000EB850CCDF808C0DCF820805D074FEA43
:10238000D56C07FA0CF528EA05080D6905FA0CF575
:10239000DDF808C045EA0805CCF8205005684FEA8A
:1023A000430CCDF808C004FA0CFC25EA0C0591F8A2
:1023B00004C00CF00308DDF808C008FA0CF848EA7D
:1023C0000508C0F800804D6815F4403F7CD0444DAE
:1023D000D5F860C000E077E04CF0010CC5F860C0B3
:1023E0002D6E23F0030C05F0010500953D4D65446D
:1023F0000295AD684FEA837C4FEA1C7807FA08FC27
:1024000025EA0C05B0F1904F06D0DFF8DCC060453E
:1024100005D14FF0010C20E04FF0000C1DE0DFF87B
:10242000CCC0604502D14FF0020C16E0DFF8C0C00E
:10243000604502D14FF0030C0FE0DFF8B8C06045F3
:1024400002D14FF0040C08E0DFF8ACC0604502D1C7
:102450004FF0050C01E04FF0060C0CFA08FC4CEABA
:10246000050C029DC5F808C0D9F80050CC46D1F83B
:10247000048095435FEAC82800D51543CCF8005086
:10248000DAF80050D446D1F8048095435FEA8828F2
:1024900000D51543CCF80050DBF80050DC46D1F8ED
:1024A000048095435FEA883800D51543CCF8005086
:1024B000DEF80050F446D1F8048095435FEAC8384E
:1024C00000D51543CCF800505B1C0A6832FA03F5BE
:1024D0007FF400AF05B0BDE8F08F000008040140B4
:1024E00000100240000001400004004800080048BD
:1024F000000C004800100048001400480AB1816137
:102500007047816270470000014880687047000092
:102510000C000020024881684268114481607047C5
:102520000C00002010B50024032000F073F80F20E9
:1025300000F008F808B1012401E000F025F8204679
:1025400010BD000070B50E4E05460024706898B1AD
:102550004FF47A71B1FBF0F00A490968B1FBF0F071
:1025600000F055FF40B9102D06D200222946501E1A
:1025700000F030F8356000E00124204670BD000016
:102580000C000020180000200A4882B0016E41F0C3
:1025900001010166016E01F001010091816D41F0C0
:1025A00080518165806D00F08050009002B000F095
:1025B000A1B8000000100240002809DB00F01F0253
:1025C000012191404009800000F1E020C0F8001195
:1025D00070470000F0B40E4B1B680C46C3F3022397
:1025E000C3F10705042D00D90425191D072901D2BF
:1025F000002300E0DB1E012606FA05F1491E2140FA
:1026000099409E40761E16403143F0BC03F004BB57
:102610000CED00E0064900F0070208684FF6FF03E2
:10262000184040EA0220034A104308607047000047
:102630000CED00E00000FA052B492C4B0A68322112
:102640004A432B4940B1B0F5007F086829D020F4F7
:10265000C06040F480602CE00868C0F3412002288C
:1026600004D051F8800F20F4807022E0D1F880006F
:1026700020F48070C1F88000086820F4C06040F445
:1026800000700860B2FBF3F0401C00E0401E4A6995
:10269000520501D50028F9D1486940050AD5032023
:1026A0007047C0F34120022806D051F8800F40F453
:1026B0008070086000207047D1F8800040F480707E
:1026C000C1F88000086820F4C06040F40070086021
:1026D000B2FBF3F0401C00E0401E4A695205DBD516
:1026E0000028F9D1D8E700001800002040420F0070
:1026F000007000400248816841F480418160704769
:10270000007000402DE9F843044600680026BB4DE8
:1027100000035ED5A86D0027C00008D4A86D40F066
:102720008050A865A86D012700F080500090DFF868
:10273000D092D9F8001041F48071C9F80010FFF769
:10274000E3FE804606E000BFFFF7DEFEA0EB0800D8
:1027500002282BD8D9F80000C005F5D5D5F890008F
:1027600010F4407014D0216D814211D0D5F8900042
:10277000D5F8901020F4407041F48031C5F89010E5
:10278000D5F8901021F48031C5F89010C5F890006C
:10279000C00711D0FFF7B8FE804641F2883907E044
:1027A000FFF7B2FEA0EB0801494501D903260BE073
:1027B000D5F890008007F3D5D5F89000216D20F46E
:1027C00040700843C5F890001FB1A86D20F08050FC
:1027D000A8652078C00707D0D5F88800616820F088
:1027E00003000843C5F888002078800707D5D5F88E
:1027F0008800A16820F00C000843C5F88800207804
:10280000400707D5D5F88800E16820F0300008437C
:10281000C5F888002078000707D5D5F88800216919
:1028200020F0C0000843C5F888002078C00607D50E
:10283000D5F88800616920F440700843C5F8880025
:102840002078800607D5D5F88800A16920F440607B
:102850000843C5F888002078400607D5D5F88800D9
:10286000E16920F440500843C5F88800207800064C
:1028700007D5D5F88800216A20F440400843C5F800
:1028800088002088C00507D5D5F88800616A20F443
:1028900040300843C5F888002068800307D5D5F884
:1028A0009C00A16A20F003000843C5F89C00208822
:1028B000800507D5D5F88800E16A20F44020084358
:1028C000C5F88800208840050FD5D5F88800216B11
:1028D00020F440100843C5F88800206BB0F5801F35
:1028E00003D1E86840F48010E860208800050FD527
:1028F000D5F88800616B20F440000843C5F88800D3
:10290000606BB0F5800F03D1E86840F48010E86098
:102910002088C0040FD5D5F88800A16B20F0407046
:102920000843C5F88800A06BB0F1807F03D1E86848
:1029300040F48010E86020884FF0006180040ED5DC
:10294000D5F88800E26B20F040601043C5F888009D
:10295000E06B884203D1E86840F48010E86020888A
:1029600040040ED5D5F88800226C20F0406010435A
:10297000C5F88800206C884203D1E86840F48010D4
:10298000E860208800040FD5D5F88800616C20F03D
:1029900040500843C5F88800606CB0F1805F03D1F7
:1029A000E86840F48030E8602068C0030FD5D5F8AF
:1029B0008800A16C20F040400843C5F88800A06C56
:1029C000B0F1804F03D1E86840F48030E8602068BF
:1029D00040030FD5D5F89C00E16C20F4401008436B
:1029E000C5F89C00E06CB0F5001F03D1E86840F426
:1029F0008010E8603046BDE8F88300000010024017
:102A0000007000402DE9F0470E4605004FF000072A
:102A100025D0DFF8AC81D8F8000000F00F00B042FC
:102A20000CD2D8F8001021F00F013143C8F8001083
:102A3000D8F8000000F00F00B04210D12968614CB6
:102A4000C80741F2883A5AD06868DFF87C910328B9
:102A500008D0022820682DD0400500282CDB01205A
:102A6000BDE8F08720688001F9D5E06800F0030236
:102A7000E068C0F30310401C032A19D0534A00BF7A
:102A8000B2FBF0F0E268C2F306225043E268C2F300
:102A90004162521C5200B0FBF2F0484517D9A068C1
:102AA00010F0F00F0CD0880711D5A86840B10EE0E7
:102AB000474AE5E78003D0E700F0B6F8484506D975
:102AC000A06820F0F00040F08000A0608027A0689F
:102AD000696820F003000843A060FFF715FD8146F8
:102AE00006E000BFFFF710FDA0EB090151453AD801
:102AF000A068696800F00C00B0EB810FF2D1286883
:102B0000810714D5400703D5A06840F4E060A060B9
:102B10002878000705D5A06820F4605040F4E060F4
:102B2000A060A068A96820F0F000084304E0802FAE
:102B300003D1A06820F0F000A060D8F80010404653
:102B400001F00F01B14216D9016821F00F013143A4
:102B50000160FFF7D9FC074607E000BFFFF7D4FC90
:102B6000C11B514501D903207AE7D8F8000000F0D5
:102B70000F00B042F2D12878400705D5A068E96877
:102B800020F4E0600843A0602878000706D5A0681C
:102B9000296920F4605040EAC100A06000F044F8C8
:102BA000A1680C4AC1F30311515C01F01F01C84038
:102BB0000949086009480068BDE8F047FFF7C2BC52
:102BC000002002400010024000B4C4040024F400BD
:102BD00040787D0104680108180000200C000020E6
:102BE0000548064900688968054AC1F30221515C1D
:102BF00001F01F01C840704718000020001002407B
:102C0000146801080548064900688968054AC1F347
:102C1000C221515C01F01F01C8407047180000201C
:102C20000010024014680108184910B58868C0F304
:102C300081021748012A0BD08A68164BC2F3810221
:102C4000022A06D08A68C2F38102032A03D0002038
:102C500010BD184610BDCA6802F00304CA68C2F36A
:102C60000312521C032C02D0B0FBF2F001E0B3FBC4
:102C7000F2F0CA68C968C2F306225043C1F3416149
:102C8000491C4900B0FBF1F010BD000000100240EB
:102C90000024F40040787D012DE9F84304007AD047
:102CA0002078F84DC00747D0A868E96800F00C000C
:102CB00001F003010C2802D0082817D001E00329F5
:102CC00014D06068B0F5803F17D0B0F5A02F286809
:102CD00017D020F480302860286820F480202860F5
:102CE0006068E0B1FFF710FC064614E02868800336
:102CF00022D560680028D2D01EE0286840F48030D9
:102D0000EDE740F480202860F7E700BFFFF7FCFB09
:102D1000801B642870D828688003F7D50CE0FFF783
:102D2000F3FB064605E000BFFFF7EEFB801B6428BF
:102D3000F0D828688003F7D4207880074CD5A8689D
:102D4000E96800F00C0001F003010C2802D004280F
:102D50000DD001E002290AD0E068002828682BD0B5
:102D600040F480702860FFF7CFFB064619E0286822
:102D7000400502D5E068002891D06868217C20F0E9
:102D8000FE4040EA01606860BF480068FFF7DAFB78
:102D9000002800D120E072E1FFF7B6FB801B02287B
:102DA000B8D828684005F7D56868217C20F0FE4037
:102DB00040EA016068600FE020F480702860FFF74F
:102DC000A3FB064605E000BFFFF79EFB801B022821
:102DD000A0D828684005F7D42078000729D5606975
:102DE0000028D5F8940013D040F00100C5F89400F5
:102DF000FFF78AFB064606E090E000BFFFF784FB82
:102E0000801B022886D8D5F894008007F6D510E0FC
:102E100020F00100C5F89400FFF776FB064604E0B9
:102E2000FFF772FB801B022878D8D5F89400800742
:102E3000F6D42078400761D5A86D0026C00008D4DC
:102E4000A86D40F08050A865A86D012600F0805064
:102E500000908E480168C90511D40168804641F48C
:102E600080710160FFF750FB074604E0FFF74CFB61
:102E7000C01B022852D8D8F80000C005F6D5A068BB
:102E8000012815D00528D5F8900016D020F00100B3
:102E9000C5F89000D5F8900020F00400C5F8900027
:102EA000A06841F28838B8B1FFF72EFB07460EE064
:102EB000D5F8900040F00100F0E740F00400C5F8BC
:102EC0009000F5E7FFF720FBC11B414526D8D5F858
:102ED00090008007F6D50CE0FFF716FB074604E0EC
:102EE000FFF712FBC11B414518D8D5F890008007A9
:102EF000F6D41EB1A86D20F08050A8652078800619
:102F000029D5A0690028D5F8980013D040F0010019
:102F1000C5F89800FFF7F8FA064606E075E000BF2E
:102F2000FFF7F2FA801B02286FD8D5F898008007C7
:102F3000F6D510E020F00100C5F89800FFF7E4FA9C
:102F4000064604E0FFF7E0FA801B02285DD8D5F8BA
:102F500098008007F6D4E069F0B3A968C1F3810155
:102F600003295DD00228286820F08070286003D0F3
:102F7000FFF7CAFA04464BE0FFF7C6FA064604E03C
:102F8000FFF7C2FA801B02283FD828688001F7D4D7
:102F9000F4E908016FF00F0202EB01110843218AE6
:102FA0005204490802EB4151A26841EA0221084358
:102FB000217D4FF07E42490802EB41610843217BAD
:102FC00040EAC160E968324A11400843E860286875
:102FD00040F08070286000E05EE0E86840F08070BB
:102FE000E860FFF791FA044605E000BFFFF78CFAAE
:102FF000001B022809D828688001F7D54CE000BFE3
:10300000FFF782FA001B022802D90320BDE8F883EB
:1030100028688001F4D4E8681E490840E8603BE075
:103020000128F3D0E868226A00F00301914226D11A
:10303000616A00F0F0020901103991421FD1A26AC1
:1030400000F4FE41B1EB022F19D194F82C2000F0CE
:103050007841B1EBC26F12D1218E00F4C002490851
:103060004905A1F50011914209D194F8341000F0FE
:10307000C06049084906A1F1007181420CD00120CD
:10308000C4E70000001002400C0000200070004067
:103090000C809F01FCFFEEFE0020B7E770B5040036
:1030A00009D0606A002540B125616561A56294F888
:1030B0005D0040B10CE0012070BD6068B0F5827F1A
:1030C000F4D0E561F2E784F85C50204600F05CF84B
:1030D000022084F85D002068016821F04001016051
:1030E000E1684FF4E062914201D9002001E04FF421
:1030F0008050B1F5706F02D0914200D0A562A188D6
:10310000228901F4827102F404421143227C02F00C
:1031100002021143227D02F001021143228B02F4CC
:1031200000721143227F02F03802114394F82020EC
:1031300002F080021143228D02F4005211432268F2
:103140001160A169042202EA114194F8242000F4DC
:10315000805002F01002114394F8342002F008026B
:103160001143A28902F47062114301432068416057
:103170002068C16921F40061C1612566012084F8DD
:103180005D00002070BD0000F0B587B00646142138
:103190006846FDF789F8334A306800253249022431
:1031A000904227D1086E40F480500866086E00F403
:1031B00080500590C86C40F00200C864C86C0526B9
:1031C00000F00200059018208DE83100274FCDE96E
:1031D000035669463846FFF76DF82020CDE9000414
:1031E00002AA012082E8610069463846FFF762F8CA
:1031F00007B0F0BD1E4A9042FAD1886D40F40040FD
:103200008865886D00F400400590C86C40F00400AB
:10321000C864C86C694600F0040005904FF4A050E3
:103220008DE831000620CDE903501248FFF742F83F
:10323000124C114820600F2060601020C4E9020584
:1032400080202061400060618000C4E906058000A4
:1032500020622046FEF7BCFF08B1FDF798FC7465BC
:10326000A662C5E70030014000100240000400489B
:10327000003C004000080048080002401402002002
:103280002DE9F84F984616468A460446FFF73CF962
:10329000814694F85D00012820D1BAF1000F6FD06B
:1032A000002E6DD094F85C00012817D0012784F817
:1032B0005C70032084F85D0000252566C4F838A002
:1032C000A687E6872564A4F84450A4F846502565EF
:1032D000E564A068B0F5004F03D00CE00220BDE823
:1032E000F88F2068016821F04001016020680168C2
:1032F00041F48041016020680168490603D40168F7
:1033000041F040010160E068B0F5E06F606826D9E7
:1033100008B1012E1FD1A06B21680088C86006E0AB
:1033200020688168890709D5A16B0988C160A06BF5
:10333000801CA063E08F401EE0870CE0FFF7E4F8FC
:10334000A0EB0901414503D3B8F1FF3F03D04BE0A7
:10335000B8F1000F48D0E08F0028E1D139E008B182
:10336000012E33D1E08F0128A06B03D9216800889A
:10337000C86010E021680078087314E0E08725E059
:1033800043E020688168890713D5E18F0129A16B8B
:1033900007D90988C160A06B801CA063E08F801EE4
:1033A000ECE709780173A06B401CA063E08F401E1E
:1033B000E4E7FFF7A9F8A0EB0901414503D3B8F111
:1033C000FF3F03D010E0B8F1000F0DD0E08F0028D0
:1033D000D7D14A464146204601F0F3FC08B12020EF
:1033E0002066A06830B109E084F85D7084F85C5014
:1033F000032074E72068C1688068009084F85D70DD
:1034000004F85C5F60680028F3D0012067E710B51E
:10341000401EB0F1807F01D3012010BD4FF0E024A9
:1034200060610F21601702F0F7FB0020A061072008
:103430002061002010BD70477047704730B590F88C
:103440003C20012A45D0012280F83C20CA688B68C4
:1034500022F440721A434B6822F480621A430B68CC
:1034600022F400621A430B6922F480521A434B691A
:1034700022F400521A430B6B22F480421A430B8B46
:1034800022F4702242EA0342CB6922F080521A43AE
:10349000114D03680024AB4205D0104DAB4202D061
:1034A0000F4DAB4210D10D8D22F4700242EA05524D
:1034B0000D6A22F080722A434D6A22F000722A437C
:1034C000C96A22F000520A435A6480F83C40002046
:1034D00030BD022030BD0000002C0140003401400E
:1034E000005001407047704770470000F0B590F8F9
:1034F0003C20012A43D0012580F83C50022280F86C
:103500003D2003685A689C681E4E1F4FDFF87CC040
:10351000B34203D0BB4201D0634504D122F4700E04
:103520004A6842EA0E02DFF868E002EA0E02D1F8C9
:1035300000E04EEA020EC3F804E00268B24212D084
:10354000B2F1804F0FD0134B9A420CD0124B9A42DB
:1035500009D0124B9A4206D0BA4204D0104B9A427C
:1035600001D0624504D1896824F080031943916039
:1035700080F83D50002180F83C100846F0BD022044
:10358000F0BD0000002C014000340140005001401B
:103590008FFFFFFD0004004000080040000C0040C9
:1035A0000040014010B50446022249B104290ED062
:1035B000082913D094F84700012816D0012010BD27
:1035C00094F844000128F9D184F844200FE094F8DD
:1035D00045000128F2D184F8452008E094F846001F
:1035E0000128EBD184F8462001E084F8472004222A
:1035F000206801F0CEFD2068416C41F40041416437
:1036000013492068884214D0B0F1804F11D011497D
:1036100088420ED0104988420BD01049884208D009
:103620000F49884205D00F49884202D00E4988428E
:1036300007D181680D4A1140062906D0B1F5803FB7
:1036400003D0016841F001010160002010BD0000BD
:10365000002C01400004004000080040000C004025
:1036600000340140004001400050014007000100CB
:10367000704710B5040003D094F83D0010B107E086
:10368000012010BD002084F83C00204600F022F804
:10369000022084F83D00211D206801F0FBFC012080
:1036A00084F8480084F83E0084F83F0084F8400025
:1036B00084F8410084F8420084F8430084F8440010
:1036C00084F8450084F8460084F8470084F83D00FB
:1036D000002010BD08B5154A0168154891420ED169
:1036E000816D41F010018165806D002200F01000B5
:1036F000009011463620FEF76DFF362010E00D4A8F
:10370000914211D1816D41F020018165806D0022CF
:1037100000F02000009011463720FEF75BFF3720B5
:10372000BDE80840FEF748BF08BD0000001000409B
:10373000001002400014004090F83D10012901D013
:1037400001207047022180F83D100168CA6842F0EC
:103750000102CA6000681349884214D0B0F1804F5A
:1037600011D0114988420ED0104988420BD010491F
:10377000884208D00F49884205D00F49884202D0BC
:103780000E49884207D181680D4A1140062906D0AA
:10379000B1F5803F03D0016841F0010101600020D4
:1037A00070470000002C0140000400400008004069
:1037B000000C004000340140004001400050014036
:1037C0000700010070472DE9F04104460068C66813
:1037D00005694FF00007A90713D5B10711D5F91EE8
:1037E000016101202077206880698007204602D08F
:1037F000FFF7E8FF04E000F015F9204600F0F4F9C7
:103800002777680716D5700714D521686FF0040074
:103810000861022020772068806910F4407F2046EC
:1038200002D0FFF7CFFF04E000F0FCF8204600F0E4
:10383000DBF92777280715D5300713D521686FF0F6
:1038400008000861042020772068C06980072046AE
:1038500002D0FFF7B7FF04E000F0E4F8204600F0E4
:10386000C3F92777E80616D5F00614D521686FF05E
:1038700010000861082020772068C06910F4407F9C
:10388000204602D0FFF79EFF04E000F0CBF8204670
:1038900000F0AAF92777E80708D0F00706D02168DA
:1038A0006FF001000861204600F02AFA280601D4D2
:1038B000A80408D5300606D521686FF402500861C7
:1038C0002046FFF7B9FDE80508D5300606D5216882
:1038D0006FF4807008612046FFF7ADFD680608D5DB
:1038E000700606D521686FF040000861204600F0A0
:1038F0001DFAA80608D5B00606D521686FF020008D
:1039000008612046FFF799FDE80208D5F00206D5C8
:1039100021686FF4801008612046FFF7E4FDA802DB
:1039200008D5B00206D521686FF400100861204662
:10393000FFF7D8FD680208D5700206D521686FF43C
:10394000800008612046FFF7CFFD28020AD530022B
:1039500008D521686FF4000008612046BDE8F041F9
:10396000FFF786BEBDE8F081F0B587B004461421AC
:103970006846FCF799FC27492068884248D12648C8
:10398000C16C41F00401C164C16C01F004010591F6
:10399000C16C41F00201C164C16C01F002010591EA
:1039A000C16C41F00101C164C06C022500F001004E
:1039B0000590082000900024CDE90154694617487D
:1039C000CDE90345FEF776FC4FF4C0400090CDE909
:1039D00001540626124FCDE9034669463846FEF7E4
:1039E00069FCA8030090CDE901540420CDE903400F
:1039F00069463846FEF75EFC4FF4E0600090CDE982
:103A00000154CDE9034669464FF09040FEF752FC61
:103A100007B0F0BD002C0140001002400008004833
:103A200000040048704770B5044690F83C0000263A
:103A30000D4601280BD0012084F83C000C2A4AD006
:103A400007DC82B1042A20D0082A06D131E0022006
:103A500070BD102A53D0142A63D00126002084F8A8
:103A60003C00304670BD206801F0A0FB20688169F1
:103A700041F0080181612068816921F004018161C0
:103A8000206881692A69114311E0206801F0E4FB94
:103A90002068816941F4006181612068816921F4B5
:103AA00080618161206881692A6941EA022181611E
:103AB000D4E7206801F020FC2068C16941F00801CA
:103AC000C1612068C16921F00401C1612068C16938
:103AD0002A69114311E0206801F05EFC2068C16989
:103AE00041F40061C1612068C16921F48061C16154
:103AF0002068C1692A6941EA0221C161AEE72068F4
:103B000001F09AFC2068016D41F008010165206810
:103B1000016D21F0040101652068016D2A691143DE
:103B200011E0206801F0C4FC2068016D41F40061DF
:103B300001652068016D21F4806101652068016DD7
:103B40002A6941EA0221016588E710B5040003D023
:103B500094F83D0010B107E0012010BD002084F86A
:103B60003C00204600F022F8022084F83D00211D90
:103B7000206801F08FFA012084F8480084F83E00A4
:103B800084F83F0084F8400084F8410084F8420043
:103B900084F8430084F8440084F8450084F8460023
:103BA00084F8470084F83D00002010BD08B5006887
:103BB0000B49884212D10B48016E41F40061016645
:103BC000006E002200F40060009011461920FEF7FC
:103BD00001FDBDE808401920FEF7EEBC08BD00005D
:103BE000002C0140001002407047000070B50446F0
:103BF000022269B1042912D0082917D00C291CD03F
:103C0000102921D094F84300012824D0012070BD50
:103C100094F83E000128F9D184F83E201DE094F884
:103C20003F000128F2D184F83F2016E094F84000CC
:103C30000128EBD184F840200FE094F841000128DE
:103C4000E4D184F8412008E094F842000128DDD155
:103C500084F8422001E084F843200122206801F02A
:103C60008BFA1D4920681D4A1D4B1E4D88420BD002
:103C7000904209D0984207D01B4EB04204D01B4E50
:103C8000B04201D0A84203D1466C46F400464664D7
:103C90002068884211D0B0F1804F0ED0144988427C
:103CA0000BD01449884208D01349884205D090426D
:103CB00003D0984201D0A84207D181680F4A114031
:103CC000062906D0B1F5803F03D0016841F001011B
:103CD0000160002070BD0000002C01400034014054
:103CE00000400140005001400044014000480140B4
:103CF0000004004000080040000C004007000100E4
:103D00000068084988420BD10749002051F820205B
:103D100012B1521E41F82020401CC0B21428F5D325
:103D20007047000000140040FC030020704790F82A
:103D30008410012918D0012180F884102421C0F8B2
:103D4000881001680A680B6823F001030B6022F0F9
:103D5000005100224266036819602021C0F88810D3
:103D600080F88420104670470220704770477047E3
:103D700070B5044690F8840001281DD0012084F815
:103D800084002420C4F8880020680568026822F0B6
:103D9000010202602068826822F060620A43826049
:103DA000204601F0C3FB206805602020C4F888008D
:103DB000002084F8840070BD022070BD70B50446F8
:103DC00090F8840001281DD0012084F8840024206C
:103DD000C4F8880020680568026822F001020260C9
:103DE0002068826822F060420A438260204601F027
:103DF0009DFB206805602020C4F88800002084F81E
:103E0000840070BD022070BD70477047704700008D
:103E10002DE9F04103680446D86919689A6840F6AC
:103E20000F0528424FF000054FF002060AD1870621
:103E30007ED501F0200702F0805C57EA0C0777D0AE
:103E4000616F42E1B64FDFF8DCC2174001EA0C0CAB
:103E500057EA0C0C6CD05FEAC07C0CD05FEAC15C06
:103E600009D54FF0010CC3F820C0D4F8903043F0CE
:103E70000103C4F89030830709D5D30707D023681E
:103E80001E62D4F8903043F00403C4F89030430726
:103E90000AD5D30708D0266804233362D4F89030BB
:103EA00043F00203C4F8903003070CD501F020035F
:103EB0003B4308D0266808233362D4F8903043F09F
:103EC0000803C4F8903003050BD54B0109D52668CB
:103ED0004FF400633362D4F8903043F02003C4F809
:103EE0009030D4F89030002B3DD0800609D501F0F9
:103EF000200002F08051084303D0616F09B12046D1
:103F00008847D4F8900021688968490602D410F0E7
:103F1000280F2AD0204601F0EDFB2068806840067B
:103F20001ED52068083050E8001F21F0400100E055
:103F300021E040E80012002AF3D1D4F8800078B1E3
:103F400079498163D4F88000FEF7A8F800280AD0E8
:103F5000D4F88000816B00E02046BDE8F0410847BE
:103F60002046FFF753FFBDE8F0812046FFF74EFFE4
:103F7000C4F89050F7E7D4F86CC02027BCF1010FCB
:103F80007ED15FEAC06C7BD55FEAC16C78D510202A
:103F9000186220688068400651D5D4F880100A68FD
:103FA00050680004000C3ED0B4F85C3083423AD92B
:103FB000A4F85E000868006880062CD4216851E8E7
:103FC000000F20F4807041E80002002AF6D120683A
:103FD000083050E8001F21F0010140E80012002ADB
:103FE000F5D12068083050E8001F21F0400140E87A
:103FF0000012002AF5D1C4F88C70E566216851E8FA
:10400000000F20F0100041E80002002AF6D1D4F899
:104010008000FEF70EF82667B4F85C00B4F85E1076
:10402000401A81B207E0B4F85C1081429BD110685D
:10403000800698D526672046FFF798FE93E7B4F8E8
:104040005C00B4F85E10401A81B2B4F85E0000283B
:1040500089D0002987D0226852E8000F20F49070A0
:1040600042E80003002BF6D12D4BDB4320680830DB
:1040700050E8002F1A4040E8002CBCF1000F00E08F
:104080000EE0F3D1C4F88C70E5666567206850E8EF
:10409000002F22F0100240E80023002BF6D1C9E7E0
:1040A000C60209D5560207D54FF480101862204683
:1040B000BDE8F041FFF7A9BE03060AD501F0800371
:1040C00002F40002134304D0A16F00297FF444AF2F
:1040D00049E7420611D54A060FD52046016851E846
:1040E000002F22F0400241E80023002BF6D1C0F857
:1040F0008870856700F0E4F835E7020206D54A00CB
:1041000004D52046BDE8F041FFF77EBEC00195D53D
:10411000002993DA2046BDE8F041FFF728BE0000F1
:104120000100001020010004E556010810B504004C
:1041300003D0D4F8880010B107E0012010BD0020A2
:1041400084F88400204600F027F82420C4F8880072
:104150002068016821F001010160A06A10B12046C9
:1041600001F006FA204601F0EFFA0128E6D02068B7
:10417000416821F4904141602068816821F02A0162
:1041800081602068016841F0010101602046BDE8BE
:10419000104001F051BA000010B59CB00446142143
:1041A00015A8FCF781F854216846FCF77DF81B49F7
:1041B000206888422FD10420002400900394684690
:1041C000FEF7A0FA08B1FCF7E2FC1548816D41F456
:1041D00080218165816D01F480211A91C16C41F0CB
:1041E0000201C164C06C15A900F002001A904FF4DE
:1041F000406015900220CDE916040720CDE9184053
:104200000848FEF757F8002211462720FEF7E2F98A
:104210002720FEF7D1F91CB010BD00000048004077
:104220000010024000040048D0F88830202B01D054
:104230000220704721B31AB30165A0F85420A0F8FA
:10424000562000218167C0F890102121C0F8881005
:10425000426E4FF48051B2F1005F826812D08A4200
:1042600001D1016909B312498167026852E8001F50
:1042700041F0800142E80013002BF6D10020704786
:10428000012070478A4201D1016961B10949816702
:104290000168083151E8002F42F4000241E8002390
:1042A000002BF5D1EAE70449F1E70449DCE7000017
:1042B0009F5A0108ED5A0108355A0108E1590108D1
:1042C0007047FEE72DE9F04107461C4615460E46AD
:1042D0002A2000F0A7F92837B8B200F0C3F9283532
:1042E000A8B200F0BFF92B2000F09CF93536B0B22F
:1042F00000F0B8F93534A0B200F0B4F9BDE8F041EF
:104300002C2000F08FB910B514460B460246FFF77B
:10431000D9FF2046BDE8104000F0A4B92DE9F047D0
:1043200080461F46581E83B21646501E82B20C4667
:104330004046DDF82090FFF7C5FF0AE0454604E05F
:10434000484600F08FF96D1CADB2B542F8D3641C3D
:10435000A4B2BC42F2D3BDE8F08700002DE9FF4FC4
:1043600081B00446DDF83C9000904FEA59074FF0C9
:104370000008780700D0012000EBD70000FB09FB04
:10438000203AD0B20390029802994844401E83B26A
:10439000E019401E82B22046FFF794FF002553E04B
:1043A000B9F10C0F2AD0B9F1100F2ED0B9F1180FB6
:1043B0002ED0B9F1200F49D12749039801EB801085
:1043C000002610F805A0109800284FF0010000FA10
:1043D00006F000EA0A0022D020B12046049A029991
:1043E000FFF791FF641C0098A4B2201AB84225D1AF
:1043F0000298009C401C80B2029023E00398174969
:1044000000EB400001EB8000DAE71549039803E078
:104410000398144900EB400001EB0010D0E708B10D
:10442000049800E00E9800F01DF908F10100C0B2F8
:10443000B0FBF7F1804607FB118050B1761CF6B255
:10444000082EC0D36D1CADB25D45A9D305B0BDE843
:10445000F08F4FF00008F5E7508401081C68010850
:10446000906C0108807201082DE9FF4F83B005466A
:10447000DDE9119100904FEAD90000FB01FB4FF0FC
:10448000000803204446029040F2475104FB01F02B
:104490002E490190095C0598005D81424AD104983B
:1044A0000499863083B204EB840005EB00104F3092
:1044B00082B209FB045080B2FFF704FF002737E007
:1044C000224801990026084400EB070A13989AF83D
:1044D000011000284FF0010000FA06F001EA000187
:1044E00011D021B12846069A0499FFF70CFF6D1CE4
:1044F0000098ADB2291A494514D10498009D401C7A
:1045000080B2049012E009B1069800E0109800F023
:10451000A9F808F1010080B2B0FBF9F2804609FB6E
:10452000128078B1761CB6B2082ECFD37F1CBFB2F2
:104530005F45C5D3641C0298A4B28442A4D307B0DB
:10454000BDE8F08F4FF00008F0E70000B6A00108CA
:104550002DE9FF4F83462DED020B83B0DFED210ADD
:10456000139F154620EE200A7E080024A246BCEECA
:10457000C00A10EE100A1FFA80F92DE0281B401E19
:10458000C1B20A2002F01AF8B9FBF0F00A21B0FB20
:10459000F1F201FB1208A81E84420ED1129A00FB10
:1045A00006B08DE8840480B22E22089B0699FFF79E
:1045B000D5FE641C6D1CE4B2EDB212988DE8810446
:1045C00008F13000C2B204FB06B080B2089B069925
:1045D000FFF7C4FE641CE4B2AC42CFD309B0BDE81F
:1045E000F08F00000000C8422DE9FE4F9946DDE93A
:1045F0000D6714468A460546DDF830800CE0CDF89C
:1046000000804B4651462846CDE90167FFF7A6FEDC
:1046100005EB560085B2641C2278002AEFD1BDE874
:10462000FE8F000010B5044600224FF400610448DC
:10463000FDF764FF2046BDE81040012100F0B2BC48
:104640000008004810B504460122D1020448FDF7D5
:1046500055FF2046BDE81040012100F0A3BC00003A
:104660000008004810B504460122D1020548FDF7B4
:1046700045FF200AFFF7E6FFE0B2BDE81040FFF774
:10468000E1BF00000008004800EB8100006E00F070
:10469000F840704700EB8100006E00F0F840704772
:1046A0008068C0F3C00070478068C0F3C0007047E6
:1046B0008068C0F3800070478068C0F38000704756
:1046C000C06810F4406F01D000207047012070478F
:1046D000042303EAD15310B518444369C1F30451CC
:1046E00007248C40A3438A401343436110BD042335
:1046F00003EAD15310B518444369C1F304510724A8
:104700008C40A3438A401343436110BD00EB8100FA
:10471000016E21F0004111430166704700EB8100FA
:10472000016E21F0004111430166704730B593B02E
:1047300000240F9410943C2168461194FBF7B4FDBB
:1047400034484FF0A041042501604FF44031C0E9E6
:10475000011485610121C460C0E9044104774477F4
:10476000016280F8244080F83840C46380F84040FB
:10477000FDF774F908B1FCF70AFA0FA925480F9460
:10478000FCF724FD08B1FCF702FA23480090092049
:10479000CDE901047F200594CDE90305B8200A90F6
:1047A0008DF8244080208DF825400B9008958DF8D9
:1047B00026408DF8304069461648FCF7EBF908B101
:1047C000FCF7E5F91548009040F20F10019069469A
:1047D0001048FCF7DFF908B1FCF7D9F91048009050
:1047E00040F21520019069460A48FCF7D3F908B158
:1047F000FCF7CDF90B48009040F21B300190694660
:104800000448FCF7C7F9002801D0FCF7C0F913B041
:1048100030BD000074000020020030040400600875
:104820000800900C1000C01030B589B020216846F7
:10483000FBF73AFD19481849002401604FF4403154
:10484000C0E90114C46004250461C0E9054504778A
:1048500044770121016280F82440C462046380F837
:104860003840C46380F84040FDF7F8F808B1FCF721
:104870008EF90B4800900620CDE901047F200594B5
:10488000CDE9030569460548FCF750FD002801D035
:10489000FCF77DF909B030BD00010050E0000020B8
:1048A0002000F0140D4808B5816C41F004018164CA
:1048B000816C01F004010091816C41F0010181647F
:1048C000806C002200F00100009011460B20FDF7E3
:1048D00081FEBDE808400B20FDF76EBE00100240CF
:1048E0002DE9F04786B014216846FBF7DDFC3C4813
:1048F000C16C41F00401C164C16C01F00401059177
:10490000C16C41F02001C164C16C01F0200105912E
:10491000C16C41F00101C164C16C01F0010105915C
:10492000C16C41F00201C164C16C01F0020105914A
:10493000C16C41F00801C164C06C2A4F00F008004E
:104940004FF468440590002221463846FDF7D6FD15
:104950004FF400464FF09048002231464046FDF7A4
:10496000CDFDDFF88490002204214846FDF7C6FD06
:10497000DFF878A0002240215046FDF7BFFD012559
:10498000CDE9004500240294694638460394FDF7BA
:1049900091FC4FF47070CDE90004694638460294EA
:1049A000FDF788FC0096CDE9015469464046039422
:1049B000FDF780FC04200090CDE90154694648468B
:1049C0000394FDF777FC40200090CDE9015469463F
:1049D00050460394FDF76EFC06B0BDE8F08700007A
:1049E0000010024000080048000C00480004004885
:1049F000124810B5104901604FF4827141600021E6
:104A00004FF47062C0E90212022202610122426187
:104A1000520282611822C0E9072107224162C0E9DF
:104A20000A1201634163FEF739FB002803D0BDE899
:104A30001040FCF7ACB810BD003001404C01002024
:104A4000124810B5104901604FF482714160002195
:104A50004FF4E062C0E902120222C0E9042112020E
:104A600082611022C0E9072107224162C0E90A12CF
:104A7000016308214163FEF711FB002803D0BDE864
:104A80001040FCF784B810BD003C0040B00100208D
:104A900010B598B00024149415941C2168461694FF
:104AA000FBF702FC342107A8FBF7FEFB3148304935
:104AB000C0E900142021816041F29A01C0E9031489
:104AC0008021C0E90541FFF740F808B1FCF75FF825
:104AD0007020CDE9140414A926481694FEF706FDAB
:104AE00008B1FCF754F86020CDE900040294039467
:104AF00004940594002269461E480694FEF793FF2D
:104B000008B1FCF744F8042269461A48FEF78BFF07
:104B100008B1FCF73CF8082269461648FEF783FF07
:104B200008B1FCF734F80C2269461248FEF77BFF07
:104B300008B1FCF72CF80794089409944FF400503E
:104B40000A94CDE90B400D9400030E94CDE90F407B
:104B50001194129407A907481394FEF76FFC08B14B
:104B6000FCF715F80348FEF7FFFE18B010BD000073
:104B7000002C0140740200203EB500240F48009430
:104B800001940D490294C0E9001444F26721C0E980
:104B9000024180218161FEF76CFD08B1FBF7F7FF50
:104BA00020200090694602940448FEF79FFC0028EC
:104BB00001D0FBF7ECFF3EBD00100040C00200201A
:104BC0003EB500240F48009401940D490294016001
:104BD000A921C0E9011442F20F71C16080218161F5
:104BE000FEF747FD08B1FBF7D2FF00946946054880
:104BF0000294FEF77BFC002801D0FBF7C8FF3EBD06
:104C0000001400400C030020184810B5164901603C
:104C10004FF4E1314160002181600C22C160C0E9A4
:104C200004128161C161016241628162FFF77EFA13
:104C300008B1FBF7ACFF00210C48FFF7BFF808B143
:104C4000FBF7A5FF00210948FFF792F808B1FBF731
:104C50009EFF0648FFF76BF8002803D0BDE8104020
:104C6000FBF795BF10BD000000480040580300202E
:104C7000FEE7FEE72DE9FF41DFF85880D8F84C0049
:104C8000DD280DD0DE2114A000F0B6FF0A21C8F8FF
:104C90005010DD21C8F84C1004B00A20BDE8F081A6
:104CA000D8F82C00FBF731FC06460F46D8F8280050
:104CB000FBF72BFC04460D46D8F82400FBF725FC37
:104CC0008DE8F00041EC100B04A053EC102B00F029
:104CD00093FFDBE71C00002025640A0025662C25D5
:104CE000662C25660A00000010B5084C606C9828F8
:104CF00005D00120A06498206064012010BD00222E
:104D00004FF400510248FDF7F9FBF2E71C000020C8
:104D10000008004810B5234CB4B02068862808D09D
:104D200001F054FC0A2060608620206034B00A2024
:104D300010BD5C221C4918A8FBF79DFA1A48C16DEA
:104D40002F91016E3091416E806E5C22CDE9311061
:104D5000164817901CA96846FBF78DFA0DF1600CF8
:104D60009CE80F00FBF7A6FEFBF7C2FB9FED101BB4
:104D700053EC112BFBF74AFB9FED0F1B53EC112B50
:104D8000FBF744FBFBF7D4FB00EE100A18210020D0
:104D9000CDE900014FF6FF7304220146FFF7D8FB6F
:104DA000C0E7000000000020E00000202000F01418
:104DB000000000000000303F6666666666660A40D6
:104DC0007047F8B515460E460B4600920446002281
:104DD0004FF4C05100F01AF888B933460022802100
:104DE0002046009500F082F848B9334600224FF47F
:104DF000C0612046009500F009F8002804D0206E1C
:104E000040F0200020660320F8BD00002DE9FE4F91
:104E10004FF0000A984617460E4604460C9D8DF842
:104E200004A0FDF771FB411BA8EB0105FDF76CFB2E
:104E3000814620684FF4C06B0C3002902A4800680D
:104E4000C0EBC00000EB8000000D6843009043E021
:104E50005E4506D12FB9029800788DF804009DF8C0
:104E60000400B8F1FF3F37D0FDF74EFBA0EB09007F
:104E7000A84203D215B1009858B32BE020684168CE
:104E800021F0E00141606068B0F5827F0BD1A0683D
:104E9000B0F5004F02D0B0F5806F04D120680168F2
:104EA00021F040010160A06AB0F5005F09D12068DF
:104EB000016821F4005101602068016841F400514B
:104EC0000160012084F85D0084F85CA00320BDE847
:104ED000FE8F0025401E0090206880683040B84258
:104EE000B6D10020F3E70000180000202DE9F843B8
:104EF0001E46914688460446089DFDF705FB401B6B
:104F0000351AFDF701FB074625480068C0F3CB3092
:104F1000684338E0701C37D0FDF7F6FAC01BA84292
:104F200003D215B1009860B32CE02068416821F0ED
:104F3000E00141606068B0F5827F0BD1A068B0F5F8
:104F4000004F02D0B0F5806F04D12068016821F0D5
:104F500040010160A06AB0F5005F09D120680168D6
:104F600021F4005101602068016841F400510160A2
:104F7000012084F85D00002084F85C000320BDE877
:104F8000F8830025401E00902068816838EA0100FF
:104F900004D000214945BDD10020F0E70121F9E707
:104FA0001800002013B50A464FF0FF336946024847
:104FB000FEF766F91CBD0000B001002010B50446E4
:104FC0003620FFF72FFB44B1012C08D0022C08D06B
:104FD000A020BDE81040FFF735BB0020F9E7C02056
:104FE000F7E77020F5E77047FDF794BA10B594B075
:104FF00038216846FBF758F914210EA8FBF754F93D
:105000000020FDF719FB0120009000040324052176
:105010000190CDE9084102204421CDE90A10079012
:105020000C900D906846FDF737FE08B172B6FEE7AA
:105030000F20CDE90E040020109011901290042151
:105040000EA8FDF7DFFC002801D072B6FEE714B011
:1050500010BD00000448016841F47001016002497C
:10506000024880390860704788ED00E000000108C0
:105070000148FEF7A8BB0000740200200148FEF7BB
:10508000A2BB0000C00200200148FEF79CBB00004C
:105090000C0300202DE9F04F02682E4B2E4E2F4FAF
:1050A000DFF8BCC02F4C304D4FF0804B98420BD0F6
:1050B000584509D0B04207D0B84205D0604503D06A
:1050C000A04201D0A84204D122F070084A6842EA06
:1050D0000802DFF89880DFF89890DFF898A09842EF
:1050E00011D058450FD0B0420DD0B8420BD060451A
:1050F00009D0A04207D0404505D0484503D05045CF
:1051000001D0A84203D122F44076CA6832434E69E6
:1051100022F08002324302608A68C2620A688262B8
:10512000984209D0A04207D0404505D0484503D059
:10513000504501D0A84201D10969016301214161B3
:105140000169C90703D0016921F001010161BDE8CE
:10515000F08F0000002C01400004004000080040D7
:10516000000C00400034014000500140004001406C
:10517000004401400048014010B501F01F03012127
:10518000046A99408C430462016A9A4011430162A7
:1051900010BD10B501F00F030421046A99408C433F
:1051A0000462016A9A401143016210BD2DE9F04783
:1051B000056A026A22F001020262436882691F4C9A
:1051C00025F0020522400C6822F0030214438A688D
:1051D0001C4E2A431A4D1C4FDFF870C0DFF8709048
:1051E000DFF870A0A84209D0B04207D0B84205D07D
:1051F000604503D0484501D0504506D122F008084B
:10520000CA6842EA080222F00402A84209D0B04269
:1052100007D0B84205D0604503D0484501D050457D
:1052200005D14D6923F440731D438B692B434360C3
:105230008461496841630262BDE8F0878FFFFEFF29
:10524000002C014000340140004001400044014076
:105250000048014000500140F0B5056A026A22F0A2
:1052600010020262426883691C4C1E4E23400C6887
:1052700023F4407343EA042425F020038D681A4F79
:1052800043EA0513164DA84203D0B04201D0B842FC
:1052900007D1D1F80CC023F0800343EA0C1323F0AC
:1052A0004003A8420CD0B0420AD0104DA84207D00B
:1052B0000F4DA84204D00F4DA84201D0B84207D1EB
:1052C0004D6922F4406242EA85028D6942EA850214
:1052D00042608461496881630362F0BDFF8FFFFE15
:1052E000002C0140003401400050014000400140CA
:1052F0000044014000480140F0B5056A026A22F40A
:10530000807202624368C2691C4C1E4E22400C68C7
:1053100022F00302144325F400728D681A4F42EA0A
:105320000522174DA84203D0B04201D0B84207D1A0
:10533000D1F80CC022F4006242EA0C2222F480620E
:10534000A8420CD0B0420AD0104DA84207D0104D50
:10535000A84204D00F4DA84201D0B84207D14D69F0
:1053600023F4405343EA05138D6943EA0513436070
:10537000C4614968C1630262F0BD00008FFFFEFF97
:10538000002C014000340140005001400040014029
:105390000044014000480140F0B5056A026A22F469
:1053A000805202624268C3691C4C1E4E23400C6846
:1053B00023F4407343EA042425F400538D681A4F04
:1053C00043EA0533164DA84203D0B04201D0B8429B
:1053D00007D1D1F80CC023F4004343EA0C3323F483
:1053E0008043A8420CD0B0420AD0104DA84207D04A
:1053F0000F4DA84204D00F4DA84201D0B84207D1AA
:105400004D6922F4404242EA85128D6942EA8512D2
:105410004260C461496801640362F0BDFF8FFFFE12
:10542000002C014000340140005001400040014088
:10543000004401400048014030B5056A026A22F488
:10544000803202624268036D124C23400C681C4398
:1054500025F400330D8943EA05430F4DA8420ED0D1
:105460000E4DA8420BD00E4DA84208D00D4DA842BB
:1054700005D00D4DA84202D00C4DA84204D14D6973
:1054800022F4803242EA0522426004654968816460
:10549000036230BD8FFFFEFF002C0140003401404D
:1054A00000400140004401400048014000500140DC
:1054B00030B5046A026A22F4801202624268036D07
:1054C000134D24F400142B400D6843EA05230D8985
:1054D00044EA05540F4DA8420ED00F4DA8420BD000
:1054E0000E4DA84208D00E4DA84205D00D4DA84241
:1054F00002D00D4DA84204D14D6922F4802242EA27
:105500008522426003654968C164046230BD0000C1
:10551000FF8FFFFE002C014000340140004001409D
:1055200000440140004801400050014030B5416E48
:10553000B9B1026891689268C1F342610B4B520F96
:105540009C5CE50003F10804A25CB5FBF2F2A0F854
:105550006A205A5C615CD200B2FBF1F1A0F86810DD
:1055600030BD0121A0F86A10F8E70000F4670108D7
:1055700090F82810090706D501684A68836B22F461
:1055800000421A434A6090F82810C90706D0016803
:105590004A68C36A22F400321A434A6090F828101D
:1055A000890706D501684A68036B22F480321A43E2
:1055B0004A6090F82810490706D501684A68436B8D
:1055C00022F480221A434A6090F82810C90606D5B2
:1055D00001688A68C36B22F480521A438A6090F88B
:1055E0002810890606D501688A68036C22F40052E7
:1055F0001A438A6090F82810490611D501684A6854
:10560000436C22F480121A434A60416CB1F5801F4A
:1056100006D101684A68836C22F4C0021A434A60CA
:1056200090F82810090606D501684A68C06C22F473
:10563000002202434A6070472DE9F84300260446E1
:10564000C0F89060FCF760FF8046206800684FF06B
:10565000200500076FF07E4713D54346002229043A
:105660002046009700F075FA58B1216851E8000F04
:1056700020F0800041E80002002AF6D1C4F88850EA
:1056800021E020680068400722D5434600224FF4FD
:1056900080012046009700F05CFAC8B1216851E80B
:1056A000000F20F4907041E80002002AF6D1206833
:1056B000083050E8001F21F0010140E80012002AE4
:1056C000F5D1C4F88C5084F884600320BDE8F883D9
:1056D000C4F88850C4F88C5044F86C6F6660267625
:1056E0000020F3E710B5806A0021A0F85E10FEF7F5
:1056F0008DFB10BD10B5026852E8001F21F49071B7
:1057000042E80013002BF6D10E4B0268083252E833
:10571000001F194042E80014002CF6D1C16E012987
:1057200008D1016851E8002F22F0100241E800235F
:10573000002BF6D12021C0F88C100021C1664167F2
:1057400010BD0000FEFFFFEF2DE9F04104460168A7
:1057500080682269E3691043626900251A43104397
:10576000DFF84CC20A68934B1A4002430A60206873
:105770004168E26821F44051114341602168A06909
:10578000614501D0226A10438A688B4B1A4002435C
:105790008A602068C16A626A21F00F011143C16208
:1057A0008649236886488B420DD1D0F8880010F0D6
:1057B000030006D0012867D0022854D0032851D115
:1057C00064E001204FE07F498B420BD1D0F8880084
:1057D00010F00C0047D0042845D0082852D00C28DF
:1057E00040D153E078498B420BD1D0F8880010F0BB
:1057F000300038D0102847D0202843D0302831D16D
:1058000044E072498B420BD1D0F8880010F0C00000
:1058100029D0402838D0802834D0C02822D135E083
:105820006B498B420ED1D0F8880010F440701AD02A
:10583000B0F5807F28D0B0F5007F23D0B0F5407F51
:1058400010D123E063450DD1D0F8880010F44060FA
:1058500009D0B0F5806F17D0B0F5006F12D0B0F559
:10586000406F13D010205B4A5B4F00264FF400417D
:10587000634539D160B102280DD004280DD0082825
:1058800031D10EE00220EEE70420ECE70820EAE741
:10589000FDF7A6F903E0114603E0FDF7C5F90100A5
:1058A0007BD0606A37F810206768B1FBF2F007EB35
:1058B0004703834269D8B0EB073F66D80023084608
:1058C0001946FAF7A7FC090241EA106102027808BA
:1058D000101871413A460023FAF79CFC3F4AA0F5A4
:1058E0004071914257D950E0E3694FF6EF788B420F
:1058F0002BD1092849D2DFE800F005080D482548DA
:1059000048480E00FDF76CF901E0FDF77BF9010056
:1059100001D142E01146606A37F81000B1FBF0F0A7
:105920004100606801EB5001B1FBF0F1A1F1100002
:1059300040452AD84FF6F07201EA0200C1F3420155
:10594000084328E0FDF770F9E1E709281DD2DFE8F8
:1059500000F005080D1C1E1C1C1C0E00FDF740F974
:1059600001E0FDF74FF9010001D116E01146606A30
:1059700037F81000B1FBF0F1606801EB5001B1FBAA
:10598000F0F0A0F11001414504D9012505E0FDF733
:105990004BF9E8E780B22168C8600120A4F86A00EA
:1059A00024F8680F2846E6602661BDE8F081000013
:1059B00000800040F369FFCFFFF4FF110038014081
:1059C000001002400044004000480040004C0040ED
:1059D000005000400024F400DC670108FFFC0F00C9
:1059E000D0F88810212910D1B0F8561071B1016D8E
:1059F00002680988C1F308019162016D891C016583
:105A0000B0F85610491EA0F856107047026852E8C8
:105A1000001F21F0800142E80013002BF6D102683C
:105A200052E8001F41F0400142E80013002BF6D17C
:105A300070470000D0F8881021291BD1B0F86A10F7
:105A400016E000BFB0F85620AAB10268D3691B0661
:105A50000CD5036D1B88C3F308039362026D921C7F
:105A60000265B0F85620521EA0F85620491E89B291
:105A70000029E7D170470168083151E8002F22F46E
:105A8000000241E80023002BF5D1026852E8001F14
:105A900041F0400142E80013002BF6D17047D0F8E6
:105AA000881021290ED1B0F8561061B1016D02683D
:105AB00009789162016D491C0165B0F85610491EC4
:105AC000A0F856107047016851E8002F22F08002BC
:105AD00041E80023002BF6D1026852E8001F41F094
:105AE000400142E80013002BF6D17047D0F888102F
:105AF000212919D1B0F86A1014E000BFB0F856207F
:105B00009AB10268D3691B060AD5036D1B789362AC
:105B1000026D521C0265B0F85620521EA0F85620A5
:105B2000491E89B20029E9D170470168083151E85E
:105B3000002F22F4000241E80023002BF5D1026877
:105B400052E8001F41F0400142E80013002BF6D15B
:105B500070472DE9F047994617460D4604464FF029
:105B60000008089E33E0701C31D0FCF7CDFCA0EBA0
:105B70000900B04218D8BEB120680168490726D58F
:105B8000802D24D0402D22D0C169C94309070DD4EE
:105B9000082505622046FFF7ADFDC4F8905084F853
:105BA00084800120BDE8F0870320FBE7C069C04383
:105BB00000050CD421684FF4006008622046FFF70E
:105BC00099FD2020C4F8900084F88480ECE72068D8
:105BD000C06935EA000004D00020B842C3D00020DC
:105BE000E0E70120F9E700000148FEF711B90000E5
:105BF00058030020FEE700000FB4054B10B503A9C1
:105C0000044A029800F0EAF810BC5DF814FB0000AA
:105C1000E5640108700000200907090E002804DB74
:105C200000F1E02080F80014704700F00F0000F150
:105C3000E02080F8141D704702E008C8121F08C158
:105C4000002AFAD170477047002001E001C1121FFD
:105C5000002AFBD1704700002DE9FF5F82B00021D0
:105C6000DDE90430020DDDF840B0034318D044F6FE
:105C70001050A2F2FF3242431514119801281FD090
:105C8000A5EB0B00401C5FEA000A4FF000064E4FE8
:105C9000DFF83891B046504615D5CAF1000413E03C
:105CA000119801244AA3012801D16FEA0B0102983F
:105CB000119AC0E90031C0E9024206B0BDE8F09F88
:105CC000CBF10000DFE704460021404A491842EBCF
:105CD0000450CDE9001012E0E00707D032463B4601
:105CE00040464946FAF792FB8046894632463B4693
:105CF00010461946FAF78AFB06460F466410002C38
:105D0000EAD1DDE90401DDE90023BAF1000F06DA8A
:105D1000FAF77CFB42464B46FAF778FB05E0FAF7C8
:105D2000FEFC42464B46FAF7FAFC04460E460022B9
:105D3000284BFAF77BFD03D84FF0FF30014607E010
:105D40000022254B20463146FAF7B9FAFAF756FDFC
:105D5000102409E0002C0ADB0A220023FAF75AFA81
:105D6000039B30321A55641E50EA0102F2D1641CC2
:105D7000039AC4F111031444119A012A03D0012299
:105D800008430DD10AE0084304D000204FF0110B66
:105D9000119072E7A3EB0B056D1E0DE05B4504DD72
:105DA0004FF0000205F1010504E003DA4FF00002B4
:105DB000A5F10105002AECD002981199C0E9023141
:105DC000C0E9004579E70000000014400000F03F02
:105DD000300000000000F0430000E03F2DE9FF4FDD
:105DE00095B09A46884606460025EEE1252877D1EB
:105DF00000242746F94A0121039400E0044316F8E1
:105E0000013F203B01FA03F01042F7D130782A28F5
:105E100011D06FF02F033078A0F13002092A16D884
:105E2000039A44F0020402EB820203EB42021044A4
:105E3000761C0390EFE758F8042B0392002A03DA4C
:105E4000504244F40054039044F00204761C30782D
:105E50002E2816D116F8010F44F004042A280DD07C
:105E60006FF02F023078A0F13003092B09D807EB2F
:105E7000870302EB4303C718761CF3E758F8047B4B
:105E8000761C30786C280FD006DC4C2817D0682898
:105E90000DD06A2814D104E0742810D07A280FD1CC
:105EA0000DE044F400140AE044F4801401E044F4EA
:105EB00040147278824202D104F58014761C761C5C
:105EC000307866280BD013DC582877D009DC0028FE
:105ED00075D04528F6D04628F4D047281AD193E14A
:105EE00018E0632835D0642879D0652812D18BE179
:105EF000702873D008DC6728F1D069286FD06E282D
:105F00000DD06F2806D1ACE073282CD0752874D042
:105F1000782853D05246179990476D1C54E1C4F32A
:105F20000250022809D003280DD0D8F80010042808
:105F30000DD00D6008F1040846E1D8F80010EA170A
:105F4000C1E90052F6E7D8F800100D80F2E70D70B5
:105F5000F0E718F8041B8DF8001000208DF8010000
:105F6000EB46012003E058F804BB4FF0FF30610717
:105F70004FF0000102D40DE009F101018946B94258
:105F80000FDA8145F8DB1BF809100029F4D108E08D
:105F900009F1010189468142FADB1BF80910002949
:105FA000F6D103985346A0EB090721463846179AC5
:105FB00000F080FA284400EB090507E044E008E11E
:105FC0000DE01BF8010B524617999047B9F10109F2
:105FD000F7D2534621463846179AF2E039E00A21B3
:105FE000C4F302524FF0000B0091022A06D058F879
:105FF000040BC117032A09D00AE023E008F10700C7
:1060000020F00702F2E80201904605E000B2C11755
:10601000042A01D140B2C117002906DA0A4600213C
:10602000404261EB02012D2202E0220504D52B2221
:106030008DF80420012203E0E20701D02022F7E7D7
:10604000914657E00A2100E010214FF0000B00912B
:106050000BE010214FF0000B44F0040408270091DE
:1060600003E008204FF0000B0090C4F30252022A14
:1060700005D058F8040B0021032A08D008E008F1E5
:10608000070020F00702F2E80201904603E080B228
:10609000042A00D1C0B24FF0000922072AD5327875
:1060A000702A07D0DDF800C08CF0100C5CEA0B0CF5
:1060B00005D00EE040228DF80420012208E050EACD
:1060C000010306D030238DF804308DF8052002221C
:1060D0009146009B83F0080353EA0B030AD150EA70
:1060E000010201D1620705D530228DF804204FF05E
:1060F00001097F1E3278582A04D039A20C920CAACA
:1061000002920BE03BA2F9E75B46009AFAF782F8AD
:106110000C9B9B5C029A521E0292137050EA010281
:10612000F2D1029804A9081A00F1200B600702D5E9
:1061300024F4803400E001275F4502DDA7EB0B006B
:1061400000E0002000EB0B01009003984944401A46
:106150000390E00306D453462146179A039800F0B3
:10616000A9F90544002706E001A85246C05D179929
:1061700090476D1C7F1C4F45F6DBE0030CD5534662
:106180002146179A039800F095F9054404E0302061
:106190005246179990476D1C0099481E009000299F
:1061A000F5DC08E00298029952460078491C0291F9
:1061B000179990476D1CBBF10001ABF1010BF1DCAD
:1061C0005BE100F065F90544761C307800287FF427
:1061D0000DAE19B02846BDE8F08F00000928010077
:1061E000303132333435363738396162636465664D
:1061F000000000003031323334353637383941420F
:106200004344454600000000600700D4062708F11B
:10621000070020F00700F0E80223804603F0004C5E
:106220005FEA0C0001D097A009E0200501D596A0F7
:1062300005E0E00701D095A001E0AFF24C0013901B
:10624000307823F0004365280CD006DC452809D0BF
:1062500046281DD047287FD13BE0662818D0672804
:106260007AD136E00021112F01DB112000E0781CEB
:10627000CDE9000104A90CA8FFF7EEFCDDE90D0152
:106280000C9A4FF0000B07F10109109200914EE0BB
:106290004FF000400097CDE9011004A90CA8FFF7CA
:1062A000DBFCDDE90D020C9B0F994FF0000B9146D2
:1062B0001093009211B9791C00EB0109B7EB0900AA
:1062C00003D4C0F1FF3B07F10109A9EB07000190DE
:1062D00042E0012F00DA01270021112F01DD1120FA
:1062E00000E03846CDE9000104A90CA8FFF7B4FC92
:1062F000DDE90D010C9A00914FF0000BB9461092A8
:1063000021070FD4009A4A4503DA914601E0A9F12A
:106310000109B9F1010F05DD109AA9F10101515CE4
:106320003029F4D0B84202DA10F1040F03DA012167
:10633000CDE9011010E0002803DC8344A9EB000143
:1063400002E0411C494500DD8946A0EB0B00401CE2
:1063500001904FF000400290200705D40198484575
:1063600002DB4FF0FF30019000208DF84B000298C7
:106370000DF14B07B0F1004F25D002200C902B20DF
:106380000D90029800280CDA404202902D200D90CA
:1063900007E00A210298FAF7E7F83031029007F88F
:1063A000011D0C99481E0C900029F2DC029800286F
:1063B000EFD1791E0D980870307800F0200040F081
:1063C000450007F8020D11A8C01BC01D02901398CC
:1063D000007800B1012000EB0901019801EBE071A8
:1063E000029801440398401A401E0390E00306D42B
:1063F00053462146179A039800F05CF80544139819
:10640000007818B15246179990476D1CE00323D5C8
:1064100053462146179A039800F04CF805441BE0B8
:10642000BBF1000F07DB0098584504DD1098179961
:1064300010F80B0001E01799302052469047019860
:106440000BF1010B401E05F10105019004D12E2036
:106450005246179990476D1CB9F10001A9F1010945
:10646000DEDC05E017F8010B5246179990476D1CCA
:106470000299481E02900029F4DC53462146179ADF
:1064800003989EE62D0000002B0000002000000075
:106490002DE9F041044600251E461746880404D421
:1064A00005E039462020B0476D1C641EF9D528460A
:1064B000BDE8F0812DE9F041044600251E469046D6
:1064C000C80301D5302700E02027880404D505E063
:1064D00041463846B0476D1C641EF9D52846BDE8D4
:1064E000F081000038B504468DF8000001226946AD
:1064F0000248FDF799FE204638BD000058030020F1
:10650000FCF710F862B6FEF771FDFEF7E9F9FEF749
:10651000C9F9FEF795FAFEF777FBFEF785F9FEF766
:1065200005F9FEF7B5FAFEF727FBFEF749FBFEF784
:106530005FFA00211A48FDF759FB00211848FDF7C2
:1065400031F804211648FDF751FB04211448FDF7EA
:1065500029F808211248FDF749FB08211048FDF7EA
:1065600021F80F48FDF7E8F80E48FDF7E5F80E486A
:10657000FDF7E2F80DA0FFF73FFB0F4C206810B9C4
:10658000FEF7C8FB2060606810B9FEF773FB60601F
:10659000A0680028F2D1FEF7A7FBA060EEE700009C
:1065A00074020020C00200200C030020496E20412C
:1065B000505020210A000000FC0300200246012068
:1065C00000E05043491EC9B2FBD270477FB500229C
:1065D00040217D48FBF792FF6420FBF759FE012222
:1065E000D4034FF0904521462846FBF787FF6420EF
:1065F000FBF74EFE002221462846FBF77FFF642072
:10660000FBF746FE012221462846FBF777FF642070
:10661000FBF73EFE1120FEF705F87820FBF738FE69
:106620000220FEF7CBFC3A20FDF7FCFF0520FEF729
:1066300009F8B220FDF7F6FF0C20FEF703F80C2056
:10664000FEF700F80020FDF7FDFF3320FDF7FAFF0D
:106650003320FDF7F7FFB720FDF7E4FF3520FDF706
:10666000F1FFBB20FDF7DEFF1920FDF7EBFFC02097
:10667000FDF7D8FF2C20FDF7E5FFC220FDF7D2FF84
:106680000120FDF7DFFFC320FDF7CCFF1220FDF74F
:10669000D9FFC420FDF7C6FF2020FDF7D3FFC62099
:1066A000FDF7C0FF0F20FDF7CDFFD020FDF7BAFFAB
:1066B000A420FDF7C7FFA120FDF7C4FFE020FDF7F0
:1066C000B1FFD020FDF7BEFF0420FDF7BBFF0D207A
:1066D000FDF7B8FF1120FDF7B5FF1320FDF7B2FF5E
:1066E0002B20FDF7AFFF3F20FDF7ACFF5420FDF757
:1066F000A9FF4C20FDF7A6FF1820FDF7A3FF0D20F2
:10670000FDF7A0FF0B20FDF79DFF1F20FDF79AFF6F
:106710002320FDF797FFE120FDF784FFD020FDF750
:1067200091FF0420FDF78EFF0C20FDF78BFF112059
:10673000FDF788FF1320FDF785FF2C20FDF782FF72
:106740003F20FDF77FFF4420FDF77CFF5120FDF740
:1067500079FF2F20FDF776FF1F20FDF773FF1F2025
:10676000FDF770FF2020FDF76DFF2320FDF76AFF86
:106770002120FDF757FF2920FDF754FF0024872033
:106780005021CDE90041CDE902044FF6FF752B46BB
:106790000EA221462046FDF767FE0A20FBF778FD92
:1067A000012010210094CDE9011000212B4608A200
:1067B0000846FDF719FF00218723F02208460095BF
:1067C000FDF7ACFD7FBD000000040048464F4300CC
:1067D000594A52515A373737000000000100020071
:1067E0000400060008000A000C0010002000400011
:1067F00080000001010101030701000008040204F8
:106800000801010100000000000000000102030473
:106810000607080900000000010203040000000050
:106820000000000000000000000004040404040054
:106830000004000014140A00000000000000000022
:1068400000000A0A1F0A0A1F0A0A000000040E15A7
:1068500005060C14150E0400000012150D152E2C43
:106860002A1200000000040A0A3615152916000035
:1068700002020100000000000000000010080804EF
:1068800004040404080810000204040808080808A6
:106890000404020000000004150E0E1504000000A0
:1068A00000000008083E080800000000000000008A
:1068B000000000000202010000000000003F000094
:1068C00000000000000000000000000000020000C6
:1068D00000201010080804040202010000000E113C
:1068E00011111111110E000000000406040404042B
:1068F000040E000000000E1111080402011F000028
:1069000000000E11100C1010110E00000000080CF9
:106910000C0A091F081C000000001F01010F1110C4
:10692000110E000000000C12010D1311110E0000D9
:1069300000001E10080804040404000000000E11EA
:10694000110E1111110E000000000E111119161078
:106950000906000000000000040000000004000020
:106960000000000000040000000404000000100803
:106970000402020408100000000000003F003F0075
:1069800000000000000002040810100804020000CB
:1069900000000E11110804040004000000001C2275
:1069A000292D2D1D221C0000000004040C0A0A1EC3
:1069B0001233000000000F12120E1212120F00000C
:1069C00000001E1101010101110E000000000F1254
:1069D00012121212120F000000001F120A0E0A02F9
:1069E000121F000000001F120A0E0A020207000018
:1069F00000001C1201013911120C000000003312BA
:106A0000121E12121233000000001F0404040404BA
:106A1000041F000000003E080808080808080907CD
:106A2000000037120A060A1212370000000007029F
:106A300002020202223F000000003B1B1B1B151537
:106A40001535000000003B1216161A1A1217000026
:106A500000000E1111111111110E000000000F1293
:106A6000120E02020207000000000E111111111790
:106A7000190E180000000F12120E0A121237000031
:106A800000001E1101060810110F000000001F1564
:106A900004040404040E0000000033121212121247
:106AA000120C000000003312120A0A0C0404000049
:106AB0000000151515150E0A0A0A000000001B0A31
:106AC0000A04040A0A1B000000001B0A0A0A040444
:106AD000040E000000001F0908040402121F000039
:106AE0001C0404040404040404041C000002020442
:106AF00004040808081010000E0808080808080810
:106B000008080E00040A0000000000000000000059
:106B100000000000000000000000003F0204000030
:106B2000000000000000000000000000000C121C2B
:106B3000123C000000030202020E1212120E0000AC
:106B400000000000001C1202120C000000181010BF
:106B5000101C1212123C000000000000000C121E5B
:106B6000021C000000182404041E0404041E00007B
:106B700000000000003C120C021C221C0003020258
:106B8000020E121212370000000404000006040472
:106B9000040E000000080800000C08080808080798
:106BA00000030202021A0A060A1300000007040486
:106BB00004040404041F000000000000000F151569
:106BC0001515000000000000000F1212123700001F
:106BD00000000000000C1212120C00000000000067
:106BE000000F1212120E020700000000001C121209
:106BF000121C103800000000001B060202070000F3
:106C000000000000001E020C101E00000000000426
:106C1000041E0404041C000000000000001B1212EB
:106C2000123C000000000000001B0A0A04040000DF
:106C3000000000000015150E0A0A00000000000008
:106C4000001B0A040A1B000000000000003312129F
:106C50000C08040300000000001E0804041E0000CD
:106C600018080808080C0808080818000808080888
:106C700008080808080808080604040404080404AE
:106C800004040600160900000000000000000000D7
:106C900000000000000000000000000000000000F4
:106CA000000000080808080808080000181800007C
:106CB00000486C24120000000000000000000000EA
:106CC0000000002424247F1212127F1212120000EE
:106CD0000000081C2A2A0A0C1828282A2A1C08083E
:106CE00000000022251515152A585454542200007E
:106CF0000000000C1212120A76252911916E000074
:106D00000006060403000000000000000000000070
:106D10000040201010080808080808101020400043
:106D200000020408081010101010100808040200D7
:106D30000000000008086B1C1C6B08080000000025
:106D400000000000080808087F0808080800000084
:106D50000000000000000000000000000606040320
:106D60000000000000000000FE0000000000000025
:106D70000000000000000000000000000606000007
:106D80000000804040202010100808040402020087
:106D900000000018244242424242424224180000AD
:106DA000000000080E08080808080808083E00004F
:106DB0000000003C4242422020100804427E0000B5
:106DC0000000003C4242201820404042221C0000AB
:106DD000000000203028242422227E202078000079
:106DE0000000007E0202021A26404042221C0000DF
:106DF000000000382402021A2642424224180000F1
:106E00000000007E22221010080808080808000070
:106E10000000003C4242422418244242423C00000E
:106E2000000000182442424264584040241C0000E4
:106E300000000000000018180000000018180000F2
:106E40000000000000000008000000000008080426
:106E50000000004020100804020408102040000038
:106E60000000000000007F0000007F000000000024
:106E70000000000204081020402010080402000056
:106E80000000003C4242464020101000181800004C
:106E90000000001C225A555555552D42221C000059
:106EA0000000000808181414243C224242E70000A5
:106EB0000000001F2222221E22424242221F000006
:106EC0000000007C4242010101010142221C00003D
:106ED0000000001F2242424242424242221F000062
:106EE0000000003F4212121E12120242423F0000F6
:106EF0000000003F4212121E12120202020700009E
:106F00000000003C2222010101712122221C00000C
:106F1000000000E7424242427E42424242E7000015
:106F20000000003E0808080808080808083E00009D
:106F30000000007C10101010101010101010110F15
:106F40000000007722120A0E0A1212222277000095
:106F5000000000070202020202020202427F000059
:106F600000000077363636362A2A2A2A2A6B000095
:106F7000000000E346464A4A52525262624700000D
:106F80000000001C2241414141414141221C0000BE
:106F90000000003F424242423E020202020700005D
:106FA0000000001C2241414141414D53321C600010
:106FB0000000003F4242423E1212222242C700001D
:106FC0000000007C4242020418204042423E000081
:106FD0000000007F4908080808080808081C00008D
:106FE000000000E74242424242424242423C00002C
:106FF000000000E74242222424141418080800006C
:107000000000006B494949495555362222220000AB
:10701000000000E7422424181818242442E7000046
:10702000000000772222141408080808081C000039
:107030000000007E2120101008040442423F00009E
:1070400000780808080808080808080808087800F0
:10705000000002020404080808101020202040400C
:10706000001E1010101010101010101010101E0024
:107070000038440000000000000000000000000094
:10708000000000000000000000000000000000FF01
:1070900000060800000000000000000000000000E2
:1070A000000000000000003C4278444242FC000026
:1070B000000000030202021A26424242261A000081
:1070C00000000000000000384402020244380000C2
:1070D00000000060404040784442424264D80000D2
:1070E000000000000000003C427E0202423C000022
:1070F000000000F08808087E08080808083E000024
:10710000000000000000007C22221C023C42423CA5
:10711000000000030202023A4642424242E70000F7
:107120000000000C0C00000E08080808083E0000D3
:107130000000003030000038202020202020221EB7
:107140000000000302020272120A161222770000E7
:107150000000000E0808080808080808083E00009B
:10716000000000000000007F9292929292B700000F
:10717000000000000000003B4642424242E700009F
:10718000000000000000003C42424242423C00003D
:10719000000000000000001B26424242221E02079F
:1071A000000000000000007844424242447840E081
:1071B00000000000000000774C040404041F0000DD
:1071C000000000000000007C42023C40423E000003
:1071D000000000000008083E080808080830000009
:1071E00000000000000000634242424262DC0000F6
:1071F00000000000000000E74224241408080000FA
:1072000000000000000000EB494955552222000013
:10721000000000000000007624181818246E0000FA
:1072200000000000000000E74224241418080807AA
:10723000000000000000007E22100808447E0000CC
:1072400000C0202020202010202020202020C0004E
:10725000101010101010101010101010101010102E
:1072600000060808080808100808080808080600AA
:107270000C32C2000000000000000000000000000E
:1072800000000000000000000000000000000000FE
:1072900000000000000000000000000000000000EE
:1072A00000000000000000000000000000000000DE
:1072B000000000000000000060006000600060004E
:1072C00060006000600040002000200020000000FE
:1072D000000000006000600060000000000000008E
:1072E000000000006006600630039801880044003A
:1072F000000000000000000000000000000000008E
:10730000000000000000000000000000000000007D
:107310000000000000000000100210021002100225
:10732000FE07FE0708020801080108010801FE0720
:10733000FE07040104010401040100000000000034
:1073400000000000000040004000F00158034C0322
:10735000CC034C0058007000E000C001C0014003A5
:107360004C035C034C034801F00040004000000067
:1073700000000000000000000E010A0191009100D1
:107380009100510051003A00AE03A0025004500495
:1073900048044804480484028403000000000000FC
:1073A000000000000000000038006C006C006C0061
:1073B0006C006C002C0098071C011A01330133018A
:1073C0006301E300C308C6093C0700000000000099
:1073D000000000000C001C00100010000800040059
:1073E000000000000000000000000000000000009D
:1073F000000000000000000000000000000000008D
:107400000000000000040002000180008000400035
:10741000400020002000200020002000200020004C
:1074200040004000800080000001000200040000D5
:1074300000000000020004000800100010002000FE
:10744000200040004000400040004000400040005C
:1074500020002000100010000800040002000000BE
:107460000000000000000000000000004000C0001C
:107470004000460C4E0FD001F0015E0F460C40005C
:10748000400040000000000000000000000000007C
:1074900000000000000000000000000000004000AC
:1074A0004000400040004000FE0F4000400040000F
:1074B000400040000000000000000000000000004C
:1074C00000000000000000000000000000000000BC
:1074D00000000000000000000000000000000000AC
:1074E000000000000C001C00100010000800040048
:1074F000000000000000000000000000000000008C
:107500000000000000000000FE0700000000000076
:10751000000000000000000000000000000000006B
:10752000000000000000000000000000000000005B
:10753000000000000000000000000000000000004B
:10754000000000001C001C001C00000000000000E7
:10755000000000000004000600020003000100011A
:1075600080008000400040006000200020001000EB
:107570001000080008000C000400060002000000D3
:1075800000000000000000000000F00098010C0363
:107590000C03060606060606060606060606060688
:1075A00006060C030C039801F00000000000000028
:1075B0000000000000000000000040007C006000AF
:1075C00060006000600060006000600060006000BB
:1075D0006000600060006000FC030000000000002C
:1075E00000000000000000000000F8008401020319
:1075F00006030603000300018001C00060002000B4
:107600001000080204020602FE0300000000000051
:10761000000000000000000000007800C6008601A5
:10762000860180018001C00070008001000100031C
:107630000003060306038601F800000000000000B6
:107640000000000000000000000080018001C00177
:10765000A001A00190018801880184018201FE0F30
:107660008001800180018001E0070000000000002F
:1076700000000000000000000000FC030400040003
:10768000040004000400F4008C0104030003000360
:107690000603060382018401F800000000000000D8
:1076A00000000000000000000000E00118030C03CF
:1076B0000C0004000600E60116030E060606060688
:1076C000060604060C021803F0000000000000008B
:1076D00000000000000000000000F8070C06040293
:1076E00004010001000180008000400040004000D3
:1076F00060006000600060006000000000000000AA
:1077000000000000000000000000F8010C03060665
:10771000060606060C021C03F000C8010C03060650
:107720000606060606060C03F00100000000000035
:1077300000000000000000000000F0000C010C033D
:10774000060206060606060606078C0678060006EA
:10775000000300030C018C01780000000000000011
:107760000000000000000000000000000000000019
:1077700000000000E000E000E00000000000000069
:1077800000000000E000E000E00000000000000059
:1077900000000000000000000000000000000000E9
:1077A0000000000060006000000000000000000019
:1077B0000000000000006000600040002000200089
:1077C0000000000000000000000400020001800032
:1077D00040002000100008000400080010002000F5
:1077E00040008000000100020004000000000000D2
:1077F0000000000000000000000000000000000089
:1078000000000000FE07000000000000FE0700006E
:107810000000000000000000000000000000000068
:10782000000000000000000004000800100020001C
:1078300040008000000100020004000200018000FE
:1078400040002000100008000400000000000000BC
:1078500000000000000000000000E0031806040C17
:10786000040C0C0C0C0C0007800140004000400090
:1078700000000000E000E000E00000000000000068
:107880000000000000000000E00018030C02CC051E
:1078900064056605A605B604B604B604B604B602C9
:1078A000E4010C040C021803F000000000000000CA
:1078B00000000000000000000000600060005000B8
:1078C000D00090009000880088010801F8010403AE
:1078D00004030402020202060F0F00000000000071
:1078E00000000000000000000000FE008C030C03FC
:1078F0000C030C030C038C01FC000C030C020C06A3
:107900000C060C060C060C03FE0100000000000033
:1079100000000000000000000000E00318030C0657
:107920000C0404040600060006000600060006001B
:1079300006040C040C021803F00000000000000014
:10794000000000000000000000007F008C010C031C
:107950000C030C060C060C060C060C060C060C069A
:107960000C060C030C038C017F00000000000000DB
:1079700000000000000000000000FF0306030604F2
:107980000604060086008600FE008600860086004B
:107990000600060406040602FF03000000000000C3
:1079A00000000000000000000000FF0306030604C2
:1079B0000604060086008600FE008600860086001B
:1079C00006000600060006001F0000000000000080
:1079D00000000000000000000000F00018010C0290
:1079E0000C0204020600060006000600C60F06038D
:1079F00006030C030C031803F00000000000000055
:107A0000000000000000000000000F0F0606060640
:107A10000606060606060606FE070606060606060D
:107A200006060606060606060F0F00000000000008
:107A300000000000000000000000FC036000600087
:107A40006000600060006000600060006000600036
:107A50006000600060006000FC03000000000000A7
:107A600000000000000000000000F807C000C00097
:107A7000C000C000C000C000C000C000C000C00006
:107A8000C000C000C000C000C000C60066003C00CE
:107A900000000000000000000000CF038601C600C7
:107AA00046002600160036002E006E004600C60076
:107AB00086008601060106038F0700000000000013
:107AC000000000000000000000001F00060006008B
:107AD0000600060006000600060006000600060076
:107AE0000600060406040602FF0300000000000072
:107AF0000000000000000000000007078603860366
:107B00008E038E034E034E034A035A035A033A036D
:107B10003203320332031203870700000000000023
:107B2000000000000000000000008E0F0C021C028C
:107B30001C0234023402640264024402C40284025D
:107B400084038403040304031F02000000000000F8
:107B500000000000000000000000F00098010C038D
:107B60000C020606060606060606060606060606B3
:107B700006060C020C039801F00000000000000053
:107B800000000000000000000000FF0006030606E1
:107B900006060606060606068603FE000600060022
:107BA00006000600060006001F000000000000009E
:107BB00000000000000000000000F00098010C032D
:107BC0000C02060606060606060606060606060653
:107BD00076064C02CC039801F000800700030000F9
:107BE00000000000000000000000FF010603060680
:107BF0000606060606060603FE004600C6008600C8
:107C000086010603060306060F0E000000000000B2
:107C100000000000000000000000F8020C03060253
:107C2000060206000E003C00F800E0038003000797
:107C30000206020606060C03F00100000000000028
:107C400000000000000000000000FE076204610860
:107C5000610860006000600060006000600060001B
:107C60006000600060006000F8010000000000009B
:107C7000000000000000000000001E070C020C02C3
:107C80000C020C020C020C020C020C020C020C0284
:107C90000C020C020C021801F000000000000000B1
:107CA000000000000000000000000F0706020401B1
:107CB00004010C010C018800880098009800500015
:107CC0005000700030002000200000000000000084
:107CD00000000000000000000000F70E62044204F3
:107CE0004604460464026402E402E4029C029C012D
:107CF00098019801880188008800000000000000B9
:107D0000000000000000000000009E070C010801B8
:107D100018019000B0006000200060006000D000FA
:107D200090008801080104038E0700000000000095
:107D3000000000000000000000000F0F0604040215
:107D40000C0208011801B800B0007000600060006B
:107D50006000600060006000F801000000000000AA
:107D600000000000000000000000FC070C020603F9
:107D7000020180018000400040002000200010002F
:107D8000180008040C040402FE03000000000000B8
:107D900000000000E0032000200020002000200060
:107DA00020002000200020002000200020002000D3
:107DB000200020002000200020002000E003000020
:107DC000000000000000000004000400080008009B
:107DD0001000100010002000200040004000C000F3
:107DE0008000800000010001000200020002000487
:107DF000000000007C0040004000400040004000C7
:107E00004000400040004000400040004000400072
:107E10004000400040004000400040007C00000066
:107E20000000600090000801000000000000000059
:107E30000000000000000000000000000000000042
:107E40000000000000000000000000000000000032
:107E50000000000000000000000000000000000022
:107E60000000000000000000000000000000000012
:107E70000000000000000000000000000000FF0FF4
:107E8000000000001800600000000000000000007A
:107E900000000000000000000000000000000000E2
:107EA00000000000000000000000000000000000D2
:107EB00000000000000000000000000000000000C2
:107EC00000000000F0010C030C030003E0031C039E
:107ED0000E03060306038E0B7C0E0000000000005C
:107EE000000000000000000008000E000C000C0064
:107EF0000C000C00CC013C031C060C060C060C0606
:107F00000C060C060C021C03E4010000000000003B
:107F10000000000000000000000000000000000061
:107F200000000000F0008C018C01860106000600B4
:107F3000060006020C020C01F00000000000000028
:107F400000000000000000000002C0030003000366
:107F50000003000378038C030C03060306030603E7
:107F60000603060304038C077801000000000000EC
:107F70000000000000000000000000000000000001
:107F800000000000E001180308020C060C06FC07C4
:107F90000C000C0018041802E001000000000000B2
:107FA00000000000000000000000C0036006300672
:107FB00030003000FE013000300030003000300072
:107FC0003000300030003000FC01000000000000F4
:107FD00000000000000000000000000000000000A1
:107FE00000000000F007D8068C018C018C0198017C
:107FF000F8000C00FC00CC03060306038E03F80017
:10800000000000000000000008000E000C000C0042
:108010000C000C00EC011C030C030C030C030C0300
:108020000C030C030C030C039E070000000000006F
:108030000000000000000000000060006000000080
:10804000000040007C006000600060006000600094
:108050006000600060006000FC03000000000000A1
:1080600000000000000000000000C001C00100008E
:1080700000000001F0018001800180018001800189
:10808000800180018001800180018001CC007C00A2
:10809000000000000000000008000E000C000C00B2
:1080A0000C000C008C038C008C004C006C005C00FD
:1080B0008C008C010C010C039E07000000000000E6
:1080C000000000000000000040007C006000600034
:1080D00060006000600060006000600060006000A0
:1080E0006000600060006000FC0300000000000011
:1080F0000000000000000000000000000000000080
:10810000000000003707EE0666066606660666068D
:108110006606660666066606FF0F000000000000A1
:10812000000000000000000000000000000000004F
:1081300000000000EE011C030C030C030C030C03F5
:108140000C030C030C030C039E070000000000004E
:10815000000000000000000000000000000000001F
:1081600000000000F00098010C0306060606060653
:10817000060606060C030C03F000000000000000D9
:1081800000000000000000000000000000000000EF
:1081900000000000EE011C030C060C060C060C0689
:1081A0000C060C060C031C03EC010C000C003E003A
:1081B00000000000000000000000000000000000BF
:1081C0000000000078028C030C030603060306037C
:1081D0000603060304038C03780300030003C007AF
:1081E000000000000000000000000000000000008F
:1081F000000000009F0358063806180018001800F9
:108200001800180018001800FF000000000000000F
:10821000000000000000000000000000000000005E
:1082200000000000F0031C030C020C023800F000F8
:10823000C003040304038C03FC01000000000000E1
:1082400000000000000000000000000020002000EE
:1082500030003000FE0130003000300030003000CF
:108260003000300030023002E00100000000000069
:1082700000000000000000000000000000000000FE
:10828000000008028E030C030C030C030C030C0308
:108290000C030C030C039C07780100000000000095
:1082A00000000000000000000000000000000000CE
:1082B000000000001E070C020801080118019000D0
:1082C000B000B0006000600020000000000000006E
:1082D000000000000000000000000000000000009E
:1082E00000000000F70E6204460464026402EC021F
:1082F0009C0198019801980108000000000000000E
:10830000000000000000000000000000000000006D
:1083100000000000BC0718011001B0006000600000
:10832000E0009000080108039E0700000000000024
:10833000000000000000000000000000000000003D
:10834000000000009E07080108010801900090004D
:10835000B0006000600060002000200024001C00CD
:10836000000000000000000000000000000000000D
:1083700000000000FC018401C400440060002000F3
:108380003000180208020C03FC010000000000008D
:10839000000000000003800080008000800080005A
:1083A00080008000800040002000400080008000AD
:1083B00080008000800080008000800000030000BA
:1083C00040004000400040004000400040004000AD
:1083D000400040004000400040004000400040009D
:1083E000400040004000400040004000400040008D
:1083F000000000000C001000100010001000100021
:10840000100010001000200040002000100010009C
:108410001000100010001000100010000C000000F0
:1084200000001C002204C2048003000000000000C1
:10843000000000000000000000000000000000003C
:10844000000000000000000000000000000000002C
:10845000000000000000000000000000000000001C
:10846000000000000000000000000000000000000C
:1084700000000000000000000000000000000000FC
:1084800000000000000000000000000000000000EC
:1084900000000000000000000000C001C001C00199
:1084A000C001C001C001C0018000800080008000C8
:1084B00080008000800000000000000000008001BB
:1084C000C003C003800100000000000000000000A5
:1084D000000000000000E01CE01CF01E700E3807D9
:1084E00018030801840000000000000000000000E4
:1084F000000000000000000000000000000000007C
:10850000000000000000000000000000000000006B
:1085100000000000000000000000000020102010FB
:10852000201020102010FE7FFE7F10081008100879
:108530001008100810081008FE7FFE7F08040804C9
:108540000804080408040000000000000000000007
:10855000000000000000000000010001C0076019D9
:10856000103118311839183938017001E001C00391
:108570008007000F001D003900311C311C310C3107
:108580000C11180DE00700010001000100000000BF
:108590000000000000000000000000001C10361861
:1085A0006308630C63046304630263026301361DA2
:1085B0009C37802280634063406320632063306384
:1085C00010221836081C0000000000000000000007
:1085D000000000000000000000000000F000980112
:1085E0008C018C018C018C018C00CC007800183E31
:1085F0001C083608320863046304C304C3038343BE
:1086000006438E26781C00000000000000000000D9
:108610000000000000001C003C003C003000300066
:1086200010000C0006000000000000000000000028
:10863000000000000000000000000000000000003A
:10864000000000000000000000000000000000002A
:108650000000000000000040002000100008000C96
:108660000004000600030003000380018001800174
:10867000800180018001800180010003000300036C
:1086800000060006000C000800100020004000005A
:10869000000000000000020004000800100030008C
:1086A00020006000C000C000C00080018001800187
:1086B00080018001800180018001C000C000C000F5
:1086C000600060003000100008000400020000009C
:1086D000000000000000000000000000000000009A
:1086E00000018003800300011C713C79783DC007C4
:1086F0000001C007783D3C791C71000180038003B4
:1087000080010000000000000000000000000000E8
:108710000000000000000000000000000000000059
:108720000000000100010001000100010001000142
:10873000FC7F0001000100010001000100010001B7
:108740000000000000000000000000000000000029
:108750000000000000000000000000000000000019
:108760000000000000000000000000000000000009
:1087700000000000000000000000000000000000F9
:108780001C003C003C003000300010000C000600D3
:1087900000000000000000000000000000000000D9
:1087A00000000000000000000000000000000000C9
:1087B000FE7F00000000000000000000000000003C
:1087C00000000000000000000000000000000000A9
:1087D0000000000000000000000000000000000099
:1087E0000000000000000000000000000000000089
:1087F0000000000000000000000000000000180061
:108800003C003C00180000000000000000000000D8
:108810000000000000000040006000200030001058
:1088200000180008000C000400060002000300010C
:1088300080018000C0004000600020003000100077
:10884000180008000C0004000600020000000000F0
:10885000000000000000000000000000C007600CE5
:1088600030181830183018200C600C600C600C6048
:108870000C600C600C600C600C6018201830183014
:108880003018600CC007000000000000000000006D
:108890000000000000000000000000000001800156
:1088A000F801800180018001800180018001800148
:1088B00080018001800180018001800180018001B0
:1088C0008001C003F81F000000000000000000004D
:1088D000000000000000000000000000E007101C85
:1088E0000818043004300C300C3000300018000838
:1088F0000004000200018000400020201020082019
:108900000430FC1FFC1F00000000000000000000FD
:10891000000000000000000000000000E003180E4E
:108920000C0C0C180C180C180018000C0006C003D6
:10893000000E00180010003000300C300C300C100D
:108940000C18180CE00300000000000000000000FC
:10895000000000000000000000000000000C000EFD
:10896000000E000F800E800E400E600E200E100EC6
:10897000100E080E040E040EFE7F000E000E000EF8
:10898000000E000E000EC07F00000000000000007E
:10899000000000000000000000000000F03FF03F79
:1089A00010001000100008000800C807280C181854
:1089B000081000300030003000300C300C3004184B
:1089C0000418080CF0030000000000000000000084
:1089D000000000000000000000000000800FC01038
:1089E000203010301800180008000C008C0F6C1894
:1089F0003C301C600C600C600C600C60186018202F
:108A000030306018C00700000000000000000000C7
:108A1000000000000000000000000000F83FF83FE8
:108A20001C100C08040804040004000200020001E9
:108A300000010001800080008000C000C000C00074
:108A4000C000C000C00000000000000000000000E6
:108A5000000000000000000000000000E007300CF3
:108A600018180C300C300C301C3038187008E00727
:108A7000B007180E0C1C06380630063006300630DB
:108A80000C18180CE00300000000000000000000BB
:108A9000000000000000000000000000E0031804D7
:108AA0000C080C1806100630063006300630063862
:108AB0000C3C1836F03100300018001800180C0C6F
:108AC0000C060C03F0010000000000000000000094
:108AD0000000000000000000000000000000000096
:108AE000000000000000000000008001C003C0037F
:108AF0008001000000000000000000000000800174
:108B0000C003C0038001000000000000000000005E
:108B10000000000000000000000000000000000055
:108B200000000000000000000000C000C0000000C5
:108B30000000000000000000000000000000000035
:108B40000000C000C0008000800040004000000025
:108B500000000000000000000000002000100008DD
:108B60000004000600038001C0006000300018000F
:108B70000C00180030006000C000800100030006F7
:108B800000040008001000200000000000000000A9
:108B900000000000000000000000000000000000D5
:108BA00000000000000000000000FE7F0000000048
:108BB000000000000000FE7F000000000000000038
:108BC00000000000000000000000000000000000A5
:108BD0000000000000000000000004000800100079
:108BE00020006000C000800100030006000C001897
:108BF00000300018000C000600038001C000600077
:108C00002000100008000400000000000000000028
:108C100000000000000000000000C007301808300D
:108C200008600C601C601C601C600030001C0006AA
:108C300000018000800080008000000000008001B2
:108C4000C003C0038001000000000000000000001D
:108C5000000000000000000000000000C0076018D5
:108C6000103018200C2F8C4D864CC64CC64C664CD0
:108C700066446644662666266615CC1C0C400820B1
:108C800018303018C007000000000000000000008D
:108C9000000000000000000000000001C001C00151
:108CA000C0014001600320032003200330061006AA
:108CB00010061006F80F080C080C080C0C0C041811
:108CC000041806181F7C00000000000000000000CF
:108CD000000000000000000000000000FE07181C5B
:108CE000183818301830183018301818180CF807C1
:108CF000181818301820186018601860186018606C
:108D000018301818FE0F00000000000000000000DE
:108D1000000000000000000000000000C0276038D4
:108D2000103018200C400C4004000600060006001D
:108D3000060006000600060006000C400C400C2051
:108D400018303018C00700000000000000000000CC
:108D5000000000000000000000000000FE03180EEC
:108D6000181818301830183018601860186018601B
:108D700018601860186018601860183018301810E3
:108D80001818180EFE03000000000000000000008C
:108D9000000000000000000000000000FE3F18304E
:108DA000182018601840180018081808180CF80F38
:108DB000180C180818081800180018001840184057
:108DC00018201830FE3F00000000000000000000E6
:108DD000000000000000000000000000FE7F18708E
:108DE000184018C018801800181018101818F81F0C
:108DF000181818101810180018001800180018007B
:108E0000180018007E0000000000000000000000B4
:108E1000000000000000000000000000C013701CF3
:108E2000101018100C200C2004000600060006008C
:108E30000600060006FC063006300C300C301830F8
:108E400018303008C00700000000000000000000DB
:108E50000000000000000000000000003F7E0C1831
:108E60000C180C180C180C180C180C180C180C18E2
:108E7000FC1F0C180C180C180C180C180C180C18DB
:108E80000C180C183F7E00000000000000000000DD
:108E9000000000000000000000000000F81F80013A
:108EA00080018001800180018001800180018001BA
:108EB00080018001800180018001800180018001AA
:108EC00080018001F81F0000000000000000000089
:108ED000000000000000000000000000E07F00062D
:108EE0000006000600060006000600060006000652
:108EF0000006000600060006000600060006000642
:108F000000060006000600060E060E038E01FC0099
:108F10000000000000000000000000007E7C181827
:108F20001808180418061802180198019801D801A9
:108F3000B803380318071806180E180C181C181850
:108F4000183018307EFC0000000000000000000017
:108F50000000000000000000000000007E0018007B
:108F60001800180018001800180018001800180041
:108F700018001800180018001800180018401840B1
:108F800018201830FE3F0000000000000000000024
:108F90000000000000000000000000001FF81C3866
:108FA0001C381C381C3C3434343434343436743279
:108FB0006432643264326431C431C431C431C43087
:108FC000C43084309FFC000000000000000000005E
:108FD0000000000000000000000000001F7C1C10CA
:108FE0003C103410341074106410E410C410C41118
:108FF00084118413041304170416041E041C041C97
:10900000041C04181F1800000000000000000000ED
:10901000000000000000000000000000C003300C51
:10902000181808100C300C300660066006600660E8
:10903000066006600660066006600C200C300810B2
:109040001818300CC00300000000000000000000F1
:10905000000000000000000000000000FE0F1818D3
:1090600018301860186018601860186018301818E8
:10907000F80F180018001800180018001800180041
:10908000180018007E000000000000000000000032
:10909000000000000000000000000000C003300CD1
:1090A00018180C100C300C20066006600660066074
:1090B00006600660066006600660E4612C331C32C0
:1090C0001816300EC007004C007C0038000000006D
:1090D000000000000000000000000000FE07181C57
:1090E000183818301830183018301818180CF807BD
:1090F00098031803180718061806180E180C180CF1
:10910000181C18187E780000000000000000000005
:10911000000000000000000000000000E0273038E0
:1091200018300C200C200C000C0018007800E00314
:10913000800F001E0038007000600460046008604A
:1091400018303818C80F00000000000000000000B0
:10915000000000000000000000000000FC3F8C2127
:10916000846182418241800180018001800180010F
:1091700080018001800180018001800180018001E7
:1091800080018001E00700000000000000000000F6
:109190000000000000000000000000003F7C0C10F8
:1091A0000C100C100C100C100C100C100C100C10DF
:1091B0000C100C100C100C100C100C100C100C10CF
:1091C00008083804E0030000000000000000000070
:1091D0000000000000000000000000003EF8182021
:1091E000182018203010301030103010600860083F
:1091F0006008E00CC004C004C00480038003800346
:1092000080030001000100000000000000000000D9
:10921000000000000000000000000000DFF3866195
:10922000862186218C210C218C238C138C138C138A
:109230004C1358125816580E380E380E380E300C83
:1092400010041004100400000000000000000000E2
:109250000000000000000000000000007E3E180832
:1092600038083004300470026002E001C001C0011F
:10927000800180034003400720062006100C100CDC
:10928000081808183E7C00000000000000000000E4
:109290000000000000000000000000007E7C1C10A8
:1092A000181018083008300C700460046002C00206
:1092B000C002C00180018001800180018001800125
:1092C00080018001E00700000000000000000000B5
:1092D000000000000000000000000000F83F181827
:1092E0000818040C040E0006000700038003800128
:1092F000C001C000E000600070003000382018207D
:109300001C100C18FE1F00000000000000000000F0
:10931000000000000000C03F40004000400040004E
:10932000400040004000400040004000400040003D
:10933000400040004000400040004000400040002D
:1093400040004000400040004000C03F00000000DE
:1093500000000000000000000000080018001800D5
:10936000100030002000600060004000C00080005D
:1093700080018001000100030002000600060004D5
:10938000000C000800180018001000300020000039
:10939000000000000000FC030002000200020002C6
:1093A00000020002000200020002000200020002AD
:1093B000000200020002000200020002000200029D
:1093C00000020002000200020002FC030000000094
:1093D0000000000000008007C006200810100000F8
:1093E000000000000000000000000000000000007D
:1093F000000000000000000000000000000000006D
:10940000000000000000000000000000000000005C
:10941000000000000000000000000000000000004C
:10942000000000000000000000000000000000003C
:10943000000000000000000000000000000000002C
:109440000000000000000000000000000000FFFF1E
:109450000000000000007800C000000100000000D3
:1094600000000000000000000000000000000000FC
:1094700000000000000000000000000000000000EC
:1094800000000000000000000000000000000000DC
:1094900000000000000000000000000000000000CC
:1094A00000000000000000000000F00318060C0C93
:1094B0000C0C000C800F700C1C0C0C0C060C060C19
:1094C000064C0C4FF83800000000000000000000BF
:1094D0000000000000000000000010001E00180046
:1094E00018001800180018001800180FD818383085
:1094F00038601860186018601860186018601820CC
:1095000038307818C8070000000000000000000094
:10951000000000000000000000000000000000004B
:1095200000000000000000000000C007700C1818C8
:1095300018180C180C000C000C000C000C20182043
:1095400018103008C00700000000000000000000F4
:10955000000000000000000000000010001E0018C5
:1095600000180018001800180018E01B301C18180C
:1095700018180C180C180C180C180C180C180818C3
:10958000181C307AE0090000000000000000000014
:1095900000000000000000000000000000000000CB
:1095A00000000000000000000000C007300C181888
:1095B00008100C300C30FC3F0C000C000C00182084
:1095C00018107018C0070000000000000000000024
:1095D000000000000000000000000000003E80C30A
:1095E00080C0C0C0C000C000C000FC1FC000C000E0
:1095F000C000C000C000C000C000C000C000C0006B
:10960000C000C000F80F00000000000000000000D3
:10961000000000000000000000000000000000004A
:1096200000000000000000000000C077306C10183F
:109630001818181818181018300CF007180018000F
:10964000F00FF03F08700C600C600C603838E00FD1
:109650000000000000000000000010001E001800C4
:1096600018001800180018001800980FD818383083
:1096700018301830183018301830183018301830AA
:10968000183018307EFC00000000000000000000D0
:1096900000000000000000000000000080038003C4
:1096A00080030000000000000001F801800180013B
:1096B00080018001800180018001800180018001A2
:1096C00080018001F81F0000000000000000000081
:1096D000000000000000000000000000003800381A
:1096E00000380000000000000010801F0018001863
:1096F00000180018001800180018001800180018AA
:1097000000180018001800180018180C1806F003AC
:109710000000000000000000000010001E00180003
:1097200018001800180018001800183E180C180629
:10973000180318019801D801380318071806180CE7
:10974000181C18187E7C00000000000000000000BB
:10975000000000000000000000000001F80180018E
:1097600080018001800180018001800180018001F1
:1097700080018001800180018001800180018001E1
:1097800080018001F81F00000000000000000000C0
:1097900000000000000000000000000000000000C9
:1097A00000000000000000000800EE1C9C338C311B
:1097B0008C318C318C318C318C318C318C318C31C1
:1097C0008C318C31DE7B00000000000000000000C6
:1097D0000000000000000000000000000000000089
:1097E000000000000000000010001E0FD8183830E4
:1097F0001830183018301830183018301830183029
:10980000183018307EFC000000000000000000004E
:109810000000000000000000000000000000000048
:1098200000000000000000000000C007701C1030A5
:1098300018300C600C600C600C600C600C60183010
:1098400018303018C00700000000000000000000C1
:109850000000000000000000000000000000000008
:10986000000000000000000010009E0F5818383063
:109870001820186018601860186018601860183098
:1098800038307818980718001800180018007E0063
:1098900000000000000000000000000000000000C8
:1098A00000000000000000000000C023303C183819
:1098B00018300C300C300C300C300C300C300830C0
:1098C0001838303CE033003000300030003000FC0D
:1098D0000000000000000000000000000000000088
:1098E000000000000000000060007E3C60666061D7
:1098F000E000E00060006000600060006000600068
:1099000060006000FE070000000000000000000092
:109910000000000000000000000000000000000047
:1099200000000000000000000000E0273038183080
:10993000182018007000E003800F001C0430043071
:109940000C301C18EC0F00000000000000000000AC
:109950000000000000000000000000000000000007
:10996000800080008000C000E000FC1FC000C0003C
:10997000C000C000C000C000C000C000C000C020C7
:10998000C0208011000F0000000000000000000057
:1099900000000000000000000000000000000000C7
:1099A000000000000000000010201E3C183018309D
:1099B0001830183018301830183018301830183067
:1099C000183830F4E0130000000000000000000030
:1099D0000000000000000000000000000000000087
:1099E000000000000000000000007E3C181818086D
:1099F000380830043004700260026002E001C001E7
:109A0000C001C00080000000000000000000000055
:109A10000000000000000000000000000000000046
:109A200000000000000000000000DFF78E630C2340
:109A30008C238C239813981358165816700E700E9A
:109A4000700E200420040000000000000000000050
:109A50000000000000000000000000000000000006
:109A600000000000000000000000FC3E70087004D0
:109A7000E004C002C0018003800340076006200CA0
:109A8000100C18183E7E00000000000000000000CE
:109A900000000000000000000000000000000000C6
:109AA000000000000000000000007E7C181818086C
:109AB00030083008300460046004C002C002C002F4
:109AC0008001800180018000800080004C003C000B
:109AD0000000000000000000000000000000000086
:109AE00000000000000000000000FC1F0C0C040E31
:109AF0000406000380038001C000E00070203020D5
:109B000038301C18FC1F000000000000000000009E
:109B10000000000000000030000800040004000401
:109B20000004000400040004000400040004000217
:109B3000800100020004000400040004000400048A
:109B400000040004000400040004000800300000C9
:109B500000010001000100010001000100010001FD
:109B600000010001000100010001000100010001ED
:109B700000010001000100010001000100010001DD
:109B800000010001000100010001000100010001CD
:109B90000000000000000C00100020002000200049
:109BA0002000200020002000200020002000400095
:109BB0008001400020002000200020002000200024
:109BC0002000200020002000200010000C000000D9
:109BD00000003800C400864002610022001C000022
:109BE0000000000000000000000000000000000075
:109BF0000000000000000000000000000000000065
:109C00000000000000000000000000000000000054
:109C1000D6D0200020002000FE03220222022202D1
:109C2000FE032202200020002000BEB0FC0104013F
:109C3000FC010401FC012000FF070401FC012000DD
:109C400024013202D4B0FE070204FA040204020422
:109C5000FE05520452044A0586050204FE07B5E7D4
:109C600010001000FF0111011101FF01110111018C
:109C7000FF0111041004E007D7D30000FC018000AD
:109C8000400020002000FF072000200020002000CE
:109C90003800D6D08000800080008000FC1F841037
:109CA0008410841084108410FC1F841080008000B5
:109CB00080008000BEB0F80F0808F80F0808F80F01
:109CC0008000FF7F0000F80F08080808F80F8000E8
:109CD0008410A2204000D4B00000FE3F0220F227F2
:109CE00002200220FA2F22212221222112291229C8
:109CF0000A2E0220FE3F0220B5E78000800080008F
:109D0000FC1F841084108410FC1F841084108410A5
:109D1000FC1F845080408040007FD7D30000FE1F8E
:109D200000080004000280018000FF7F80008000A6
:109D30008000800080008000A0004000D6D000009D
:109D400000000000001800000800000800000800E3
:109D5000080818F8FF1F1808181808181808181805
:109D60000818180818180818F8FF1F08080800082D
:109D7000000008000008000008000018000018009B
:109D8000001800000000BEB000000000000040000D
:109D900006C0FF07400006C0FF07400006C0FF07DF
:109DA000400802003000FEFF3F000000C0FF07C077
:109DB0000002C00002C00002C0FF0380100080113A
:109DC0000160100E3010180C1E30001C0000000046
:109DD000D4B0000000000000080030F8FF1F0800A9
:109DE0001008C010083F10080010080010080013E9
:109DF000C8FF10082210082210082210082210089C
:109E0000211208211488601648C013280010080089
:109E100010F8FF1F080010000000B5E70000000068
:109E20000000001800000800000800000800F0FF13
:109E30000F100804100804100804100804F0FF07AD
:109E4000100804100804100804100804F0FF07109C
:109E5000080000081000081000082000183000F06A
:109E60001F000000D7D3000000000000000004F035
:109E7000FF0F00000600000100C0000028000018CD
:109E800000001800001830FEFF7F001800001800C6
:109E9000001800001800001800001800001800004A
:109EA0001800001800001F00000C00000000CFC2C6
:109EB000000000000000000000000000000000089A
:109EC0000000001CFCFFFF1F00C0000000C00000DD
:109ED00000C0000000C0000000C0000000C0000082
:109EE00000C0010000C00E0000C0380000C0F0003B
:109EF00000C0C00100C0800300C0000300C0000318
:109F000000C0000000C0000000C0000000C0000051
:109F100000C0000000C0000000C0000000C0000041
:109F200000C0000000C00000004000000000000071
:109F3000C9CF00000000000000000040000000C089
:109F4000010000C0000000C0000000C0000000C010
:109F5000000000C0000000C0000000C0000000C001
:109F6000000000C0000300C0FF0700C0000000C0E8
:109F7000000000C0000000C0000000C0000000C0E1
:109F8000000000C0000000C0000000C0000000C0D1
:109F9000000000C0000000C0000000C0000000C0C1
:109FA0000018FCFFFF3F0000000000000000000060
:109FB0000000D2BB00000000000000000000000014
:109FC0000000000000000000000000000000000091
:109FD0000000000000000000000000000000000081
:109FE00000000000000000000000000CFCFFFF3F2C
:109FF0000000000000000000000000000000000061
:10A000000000000000000000000000000000000050
:10A010000000000000000000000000000000000040
:10A020000000000000000000000000000000000030
:10A0300000000000D5C50000000000000000000086
:10A040000100000C0700FC1F0300000C0306000CBD
:10A05000030E000C0307000C8301000CC300000C6E
:10A060006300F00F1300100C0B0010000700180025
:10A07000031818F8FF3F18041300FC0F130008061C
:10A080001300000623000006230000064300000220
:10A09000C30000028301000283030003630700037F
:10A0A000131E08030F7CF0010708C00003004000E6
:10A0B000000000000000460000000000000000005A
:10A0C0000000000000000000000000000000000090
:10A0D0000000000000000000000000000000000080
:10A0E0000000000000000000000000000000000070
:10A0F0000000000000000000000000000000000060
:10A10000000000000000000000000000000000004F
:10A11000000000000000000000000000000000003F
:10A12000000000000000000000000000000000002F
:10A13000000000000000000000000000000000001F
:10A14000000000000000000000000000000000000F
:10A1500000000000000000000000000000000000FF
:10A1600000000000000000000000000000000000EF
:10A1700000000000000000000000000000000000DF
:10A1800000000000000000000000000000000000CF
:10A1900000000000000000000000000000000000BF
:10A1A00000000000000000F0FFFFFFFFFFFFFF3F87
:10A1B00000F0FFFFFFFFFFFFFF3F00F0FFFFFFFF8B
:10A1C000FFFFFF3F0000F0FF030000E0FF7F000003
:10A1D000E0FF01000000FF7F0000C0FF0000000062
:10A1E000F8FF0000C0FF00000000E0FF0000C0FF1B
:10A1F0000000000080FF0000C0FF0000000000FF22
:10A200000100C0FF0000000000FE0100C0FF0000D0
:10A21000000000FC0300C0FF0000000000F8030085
:10A22000C0FF0000000000F00300C0FF00000000BD
:10A2300000E00700C0FF0000000000C00700C0FFF2
:10A240000000000000800F00C0FF000000000000C0
:10A250000F00C0FF0000000000000F00C0FF000062
:10A26000000000001E00C0FF000000000000000011
:10A27000C0FF0000000000000000C0FF0000000060
:10A2800000000000C0FF0000000000000000C0FF50
:10A290000000000000000000C0FF000000000000FF
:10A2A0000000C0FF0000000000000000C0FF000030
:10A2B000000000000000C0FF0000000000000000DF
:10A2C000C0FF000000000F000000C0FF0000000001
:10A2D0000F000000C0FF000000000F000000C0FFE2
:10A2E000000000000F000000C0FF000000000F0091
:10A2F0000000C0FF000000000F000000C0FF0000D1
:10A3000000000F000000C0FF000000800F000000F0
:10A31000C0FF000000800F000000C0FF000000C070
:10A320000F000000C0FF000000E00F000000C0FFB1
:10A33000000000F00F000000C0FF000000FE0F0052
:10A340000000C0FFFFFFFFFF0F000000C0FFFFFF86
:10A35000FFFF0F000000C0FFFFFFFFFF0F00000026
:10A36000C0FF000000FE0F000000C0FF000000F86A
:10A370000F000000C0FF000000E00F000000C0FF61
:10A38000000000C00F000000C0FF000000C00F0070
:10A390000000C0FF000000800F000000C0FF0000B0
:10A3A00000800F000000C0FF000000000F00000050
:10A3B000C0FF000000000F000000C0FF0000000010
:10A3C0000F000000C0FF000000000F000000C0FFF1
:10A3D000000000000F000000C0FF000000000F00A0
:10A3E0000000C0FF000000000F000000C0FF0000E0
:10A3F00000000F000000C0FF00000000000000008F
:10A40000C0FF0000000000000000C0FF00000000CE
:10A4100000000000C0FF0000000000000000C0FFBE
:10A420000000000000000000C0FF0000000000006D
:10A430000000C0FF0000000000000000C0FF00009E
:10A44000000000000000C0FF00000000000000004D
:10A45000C0FF0000000000000000C0FF000000007E
:10A4600000000000C0FF0000000000000000C0FF6E
:10A470000000000000000000C0FF0000000000001D
:10A480000000C0FF0000000000000000C0FF00004E
:10A49000000000000000C0FF0000000000000000FD
:10A4A000C0FF0000000000000000C0FF000000002E
:10A4B00000000000C0FF0000000000000000C0FF1E
:10A4C0000000000000000000C0FF000000000000CD
:10A4D0000000C0FF0000000000000000C0FF0000FE
:10A4E000000000000000C0FF0000000000000000AD
:10A4F000E0FF0000000000000000E0FF010000009D
:10A5000000000000F8FF07000000000000F0FFFF5F
:10A51000FF030000000000F0FFFFFF030000000049
:10A5200000F0FFFFFF03000000000000000000003B
:10A53000000000000000000000000000000000001B
:10A54000000000000000000000000000000000000B
:10A5500000000000000000000000000000000000FB
:10A5600000000000000000000000000000000000EB
:10A5700000000000000000000000000000000000DB
:10A5800000000000000000000000000000000000CB
:10A5900000000000000000000000000000000000BB
:10A5A00000000000000000000000000000000000AB
:10A5B000000000000000000000000000000000009B
:10A5C000000000000000000000000000000000008B
:10A5D000000000000000000000000000000000007B
:10A5E000000000000000000000000000000000006B
:10A5F000000000000000000000000000004F00000C
:10A60000000000000000000000000000000000004A
:10A61000000000000000000000000000000000003A
:10A62000000000000000000000000000000000002A
:10A63000000000000000000000000000000000001A
:10A64000000000000000000000000000000000000A
:10A6500000000000000000000000000000000000FA
:10A6600000000000000000000000000000000000EA
:10A6700000000000000000000000000000000000DA
:10A6800000000000000000000000000000000000CA
:10A6900000000000000000000000000000000000BA
:10A6A00000000000000000000000000000000000AA
:10A6B000000000000000000000000000000000009A
:10A6C000000000000000000000000000000000008A
:10A6D000000000000000000000000000000000007A
:10A6E0000000000000000000FEFF0000000000006D
:10A6F00000C0FFFF0F000000000000F8FFFF3F0058
:10A700000000000000FE3FF8FF000000000000FF16
:10A710000300FF0300000000C0FF0000FC07000072
:10A720000000E03F0000F00F00000000F01F0000FC
:10A73000E01F00000000F80F0000C03F0000000014
:10A74000FC070000807F00000000FE03000000FF07
:10A7500000000000FF01000000FE01000080FF017A
:10A76000000000FE030000C0FF00000000FC070026
:10A7700000C07F00000000FC070000E07F00000038
:10A7800000F80F0000E03F00000000F80F0000F0AC
:10A790003F00000000F01F0000F83F00000000F044
:10A7A0003F0000F81F00000000F03F0000FC1F0009
:10A7B000000000E07F0000FC0F00000000E07F00D0
:10A7C00000FC0F00000000E07F0000FE0F00000012
:10A7D00000E0FF0000FE0F00000000C0FF0000FFCF
:10A7E0000700000000C0FF0100FF0700000000C0DC
:10A7F000FF0100FF0700000000C0FF0100FF07008D
:10A80000000000C0FF0180FF070000000080FF0380
:10A8100080FF030000000080FF0380FF03000000B2
:10A820000080FF0380FF030000000080FF0380FF23
:10A83000030000000080FF07C0FF0300000000804D
:10A84000FF07C0FF030000000080FF07C0FF0300F8
:10A8500000000080FF07C0FF030000000080FF072A
:10A86000C0FF030000000000FF07C0FF030000005E
:10A870000000FF07C0FF030000000000FF07C0FF4B
:10A88000030000000000FF0FC0FF030000000000F5
:10A89000FF0FC0FF030000000000FF0FC0FF030018
:10A8A00000000000FF0FC0FF030000000000FF0FCA
:10A8B000C0FF030000000000FF0FC0FF0300000006
:10A8C0000000FF0FC0FF030000000000FF0FC0FFEB
:10A8D000030000000000FF0FC0FF030000000000A5
:10A8E000FF07C0FF030000000000FF07C0FF0300D8
:10A8F00000000000FF07C0FF030000000000FF078A
:10A90000C0FF030000000080FF07C0FF030000003D
:10A910000080FF07C0FF030000000080FF0780FFEA
:10A92000030000000080FF0780FF0300000000809C
:10A93000FF0780FF030000000080FF0380FF03008B
:10A9400000000080FF0380FF070000000080FF037D
:10A9500000FF070000000080FF0300FF0700000069
:10A960000080FF0100FF0700000000C0FF0100FEA3
:10A970000700000000C0FF0100FE0700000000C04B
:10A98000FF0100FE0F00000000C0FF0000FC0F00F0
:10A99000000000C0FF0000FC0F00000000E07F008E
:10A9A00000FC0F00000000E07F0000F81F00000026
:10A9B00000E07F0000F81F00000000F03F0000F002
:10A9C0003F00000000F03F0000E03F00000000F00A
:10A9D0001F0000E03F00000000F80F0000C07F00F3
:10A9E000000000F80F0000807F00000000FC07005E
:10A9F0000080FF00000000FC03000000FF010000D9
:10AA000000FE03000000FE01000000FF0100000046
:10AA1000FC03000000FF00000000F8070000807F3A
:10AA200000000000F00F0000C03F00000000E01F29
:10AA30000000E01F00000000C03F0000F80F000011
:10AA4000000000FF0000FC030000000000FE030007
:10AA5000FF010000000000F81FF07F000000000070
:10AA600000E0FFFF1F00000000000080FFFF030068
:10AA7000000000000000F83F00000000000000009F
:10AA800000000000000000000000000000000000C6
:10AA900000000000000000000000000000000000B6
:10AAA00000000000000000000000000000000000A6
:10AAB0000000000000000000000000000000000096
:10AAC0000000000000000000000000000000000086
:10AAD0000000000000000000000000000000000076
:10AAE0000000000000000000000000000000000066
:10AAF0000000000000000000000000000000000056
:10AB00000000000000000000000000000000000045
:10AB10000000000000000000000000000000000035
:10AB20000000000000000000000000000000000025
:10AB30000000000000000000000000000000000015
:10AB400000000000430000000000000000000000C2
:10AB500000000000000000000000000000000000F5
:10AB600000000000000000000000000000000000E5
:10AB700000000000000000000000000000000000D5
:10AB800000000000000000000000000000000000C5
:10AB900000000000000000000000000000000000B5
:10ABA00000000000000000000000000000000000A5
:10ABB0000000000000000000000000000000000095
:10ABC0000000000000000000000000000000000085
:10ABD0000000000000000000000000000000000075
:10ABE0000000000000000000000000000000000065
:10ABF0000000000000000000000000000000000055
:10AC00000000000000000000000000000000000044
:10AC10000000000000000000000000000000000034
:10AC2000000000000000000000000000000000E044
:10AC3000FF1F00100000000000FEFFFF01180000D1
:10AC40000000C0FFFFFFFF1F00000000F0FF01FF3A
:10AC5000FF3F00000000FC1F00E0FF3F000000007D
:10AC6000FF030000FF3F00000080FF010000FC3FE9
:10AC7000000000E07F000000F87F000000F03F00CF
:10AC80000000F07F000000F81F000000C07F0000FF
:10AC900000FC0F000000807F000000FE07000000A5
:10ACA00000FF000000FF0300000000FF000080FF25
:10ACB0000100000000FE000080FF0100000000FC19
:10ACC0000000C0FF0000000000F80100E07F00006D
:10ACD000000000F80100E07F0000000000F001002B
:10ACE000F03F0000000000F00100F83F000000000D
:10ACF00000E00300F83F0000000000E00300FC1F3C
:10AD00000000000000C00300FC1F0000000000C0A5
:10AD10000300FE0F0000000000C00000FE0F000056
:10AD2000000000000000FE0F000000000000000016
:10AD3000FF070000000000000000FF070000000007
:10AD400000000080FF070000000000000080FF07F7
:10AD50000000000000000080FF0300000000000071
:10AD60000080FF0300000000000000C0FF0300009F
:10AD70000000000000C0FF0300000000000000C051
:10AD8000FF0300000000000000C0FF010000000001
:10AD9000000000C0FF0100000000000000C0FF0133
:10ADA00000000000000000E0FF01000000000000C3
:10ADB00000E0FF0100000000000000E0FF010000D3
:10ADC0000000000000E0FF0100000000000000E0C3
:10ADD000FF0100000000000000E0FF010000000093
:10ADE000000000E0FF0100000000000000E0FF01A3
:10ADF00000000000000000E0FF0100000000000073
:10AE000000E0FF0100000000000000E0FF01000082
:10AE10000000000000E0FF0100000000000000E072
:10AE2000FF0100000000000000E0FF010000000042
:10AE3000000000E0FF0100000000000000E0FF0152
:10AE400000000000000000E0FF0100000000000022
:10AE500000E0FF0100000000000000C0FF01000052
:10AE60000000000000C0FF0300000000000000C060
:10AE7000FF0300000000000000C0FF03000000000E
:10AE8000000000C0FF0300000000000000C0FF033E
:10AE90000000000000000080FF0300000000000030
:10AEA0000080FF070000000000000080FF07000096
:10AEB000000000000080FF0700000000008000008C
:10AEC000FF070000000000C00300FF0F00000000AB
:10AED00000C00300FF0F0000000000C00300FE0FD1
:10AEE0000000000000E00100FE1F0000000000E084
:10AEF0000100FE1F0000000000F00100FC1F000028
:10AF0000000000F00000FC3F0000000000F800001E
:10AF1000F83F0000000000780000F87F000000000B
:10AF2000007C0000F07F00000000003E0000E0FF19
:10AF300000000000001E0000E0FF01000000001FF4
:10AF40000000C0FF01000000800F000080FF030030
:10AF50000000C007000000FF07000000F003000031
:10AF600000FE0F000000F801000000FC3F000000A0
:10AF7000FC00000000F8FF0000007F00000000E07F
:10AF8000FF0300C03F00000000C0FF1F00FC1F00C7
:10AF900000000000FFFFFFFF070000000000FCFFB3
:10AFA000FFFF010000000000F0FFFF7F0000000035
:10AFB000000080FFFF1F00000000000000F0FF0104
:10AFC0000000000000000000000000000000000081
:10AFD0000000000000000000000000000000000071
:10AFE0000000000000000000000000000000000061
:10AFF0000000000000000000000000000000000051
:10B000000000000000000000000000000000000040
:10B010000000000000000000000000000000000030
:10B020000000000000000000000000000000000020
:10B030000000000000000000000000000000000010
:10B040000000000000000000000000000000000000
:10B0500000000000000000000000000000000000F0
:10B0600000000000000000000000000000000000E0
:10B0700000000000000000000000000000000000D0
:10B08000000000000000000000000000ACB001085B
:10B090000000002074000000385C010820B10108A5
:10B0A00074000020DC070000485C0108000000007C
:10B0B000000000000000000010000000010000007F
:10B0C000000000000024F400000000000000A04088
:10B0D0000000000000000000000000000000000070
:10B0E0000000000000000000000000000000000060
:10B0F0000000000000000000000000000000000050
:10B10000000000000000000000000000000000003F
:10B11000000000000000000000000000000000002F
:04000005080101D914
:00000001FF
